year,month,SD_70,SL_70,SL_70_log10,fyear_CS,monthly_sunspots,std,observations,date,smoothed_sunspots,cycle,SD_70*10,proton_density,proton_temp,He4toprotons,proton_speed,PC1,PC2
1998,2,12.301438,82.789337,1.9179744046560265,1998.123,50.2,4.6,559,1998-02-01,76.25500000000001,23,123.01437999999999,10.668185567010308,55818.621443298965,0.02232,377.00472164948457,-1.2498651233862197,-0.7408645665590906
1998,3,12.6028935,159.079344,2.008504259875198,1998.204,82.0,5.9,571,1998-03-01,78.96,23,126.028935,9.296941344778254,71053.68812589413,0.03093218884120172,402.81354792560796,-0.854332436128365,-0.27389985971235753
1998,4,15.813673,380.628082,2.5805008265357006,1998.288,70.6,7.2,537,1998-04-01,81.29833333333333,23,158.13673,8.991567921440263,71262.15548281505,0.037028150572831424,379.45654664484454,-1.0177066190721438,-0.005488171622604548
1998,5,12.578657,128.306992,2.1082503235945516,1998.371,74.0,4.8,620,1998-05-01,83.14833333333334,23,125.78657,6.943907590759076,100056.67194719473,0.03109785478547855,452.4847854785479,-0.04791263050163304,-0.1209039512725771
1998,6,16.53644,138.153671,2.140362429418011,1998.455,90.5,6.0,521,1998-06-01,85.55,23,165.3644,8.368126602564104,69987.70673076923,0.024842147435897435,414.45391025641027,-0.6841098017312914,-0.46551072346163797
1998,7,17.635334,323.864288,2.510363061688437,1998.538,96.7,6.3,597,1998-07-01,87.69,23,176.35334,8.753049342105264,80911.31726973684,0.022857730263157894,427.8957401315789,-0.5080633040064385,-0.5918755577708154
1998,8,12.570169,257.765961,2.411225566524368,1998.623,121.1,7.4,586,1998-08-01,89.845,23,125.70169,8.082203152364274,74626.95551663748,0.02404518388791594,431.5517513134851,-0.49476967572065955,-0.47506497901444616
1998,9,14.300272,754.195374,2.8774838642504093,1998.707,132.0,8.6,502,1998-09-01,91.74166666666666,23,143.00272,7.642872113676732,66951.95896980462,0.0336911190053286,416.5367673179396,-0.679631138719418,-0.014490680778320678
1998,10,11.8298,252.885071,2.4029231916469165,1998.79,78.5,6.6,432,1998-10-01,94.29500000000002,23,118.298,6.512600328947369,114847.19342105262,0.026576151315789474,453.1929276315789,0.15095880138082637,-0.32371087000889565
1998,11,13.450814,339.65683,2.5310403520387372,1998.874,97.3,6.8,472,1998-11-01,96.87666666666668,23,134.50814,8.891998239436619,74616.49471830986,0.028844190140845074,416.83352112676056,-0.6818187277874448,-0.3328584414212967
1998,12,19.068635,476.26545699999997,2.5959758481564728,1998.958,119.2,9.4,435,1998-12-01,99.11833333333333,23,190.68635,8.07177106741573,71825.75280898876,0.02614817415730337,399.00792134831465,-0.7568440422082564,-0.4059360020330933
1999,1,18.439299,408.91629,2.611634411890095,1999.042,86.0,7.6,475,1999-01-01,102.225,23,184.39299,7.148258015267176,90022.59847328244,0.027377709923664124,417.8661984732824,-0.3850177018124389,-0.3102510800350989
1999,2,21.08662,296.430634,2.4719230828757413,1999.123,98.0,7.6,446,1999-02-01,104.07833333333333,23,210.8662,7.414218861209965,80965.84270462634,0.03145427046263345,431.3899822064057,-0.41512583085542715,-0.11499184761449446
1999,3,20.164608,366.028992,2.5635154858505773,1999.204,103.5,6.8,518,1999-03-01,106.44166666666666,23,201.64608,8.427957894736842,95701.30631578948,0.02862736842105263,441.13730827067667,-0.2743370375783174,-0.33445051366938416
1999,4,18.551563,287.80722,2.4591016845513463,1999.288,93.6,7.5,569,1999-04-01,110.36166666666666,23,185.51563000000002,7.315369327073552,80866.55618153364,0.025707042253521127,435.3153834115806,-0.35616455276878123,-0.35862932431517525
1999,5,22.579355,617.706909,2.7907824589122363,1999.371,149.6,8.5,630,1999-05-01,113.585,23,225.79354999999998,5.732547619047619,86827.74285714286,0.02936220238095238,450.74427083333336,-0.08332987368266129,-0.08548548229069595
1999,6,18.78385,595.404053,2.7748117866250226,1999.455,207.2,10.5,567,1999-06-01,116.11333333333333,23,187.8385,5.882642714570859,68936.49301397205,0.028645908183632735,409.1900399201597,-0.5522353883615956,-0.12700545291904317
1999,7,20.592587,397.342194,2.599164685489251,1999.538,173.5,9.3,594,1999-07-01,119.43666666666667,23,205.92587000000003,4.832887245841035,71928.63345656193,0.03333234750462107,425.01066543438077,-0.35115542751544593,0.1618006621704586
1999,8,19.3189105,430.98544300000003,2.633507921543695,1999.623,142.3,12.9,649,1999-08-01,122.39,23,193.189105,6.366829160530192,106885.9026509573,0.0351639175257732,467.5607216494845,0.15003723613894376,0.09824794843513596
1999,9,18.806318,441.258789,2.644693368766842,1999.707,106.3,6.5,624,1999-09-01,125.04333333333332,23,188.06318000000002,6.502434153400868,119584.21997105645,0.03546005788712012,478.89976845151955,0.33801715053729287,0.08419384805041938
1999,10,19.197771,1032.974609,3.014089646488918,1999.79,168.7,10.4,531,1999-10-01,127.29333333333334,23,191.97771,7.130014492753623,117443.73623188406,0.03217347826086957,486.68098550724636,0.3369055328612825,-0.09271678752674149
1999,11,,,,1999.874,188.3,12.3,406,1999-11-01,130.025,23,,7.409486348122867,79871.09863481228,0.0354315699658703,443.30513651877135,-0.3591011812623805,0.07525401911465007
1999,12,21.256525,1392.705444,3.1438592732277177,1999.958,116.8,9.3,404,1999-12-01,132.72666666666666,23,212.56525,6.724926040061633,109530.79368258858,0.02799029275808937,460.02409861325117,0.1253585550991998,-0.2573932415039666
2000,1,21.255339,1637.074585,3.2140684662879564,2000.042,133.1,10.4,450,2000-01-01,134.52666666666667,23,212.55338999999998,6.467326979472141,113527.23753665689,0.033533870967741936,482.0733137829912,0.31363387819431665,0.017987522199060097
2000,2,18.27874,960.928711,2.982691169595984,2000.124,165.7,10.4,490,2000-02-01,136.995,23,182.7874,6.794176282051282,113103.89262820513,0.03425336538461538,507.17177884615387,0.45609424319017694,0.05199430497102769
2000,3,20.843147,812.853455,2.910012256022733,2000.206,217.7,11.9,456,2000-03-01,139.32666666666668,23,208.43147,6.802733962264151,74818.40622641509,0.041073773584905666,422.9045849056604,-0.5262574893539536,0.3591639804858519
2000,4,17.997807,836.244751,2.9223334047742173,2000.29,191.5,10.2,529,2000-04-01,141.4633333333333,23,179.97807,5.8584390625,93009.3359375,0.036764375,436.870171875,-0.16316746089550055,0.2063967803526024
2000,5,19.8194125,441.07147199999997,2.6439420134637768,2000.373,165.9,10.1,551,2000-05-01,143.43666666666667,23,198.19412499999999,6.498079239302694,88074.12931854199,0.04464199683042789,467.1594928684628,-0.08272280338111532,0.5506946368710626
2000,6,22.570419,267.743195,2.427718441552423,2000.456,188.0,8.8,532,2000-06-01,145.05,23,225.70419,6.47664230171073,76794.43048211509,0.046813841368584755,472.20241057542773,-0.1624268223078995,0.6785089902894657
2000,7,20.560478,201.883255,2.305100298326075,2000.54,244.3,12.0,507,2000-07-01,146.38000000000002,23,205.60478,7.089863505747126,64536.71221264368,0.061053879310344825,449.95603448275864,-0.543701728721008,1.2727577708218305
2000,8,18.697405,381.286591,2.5812515323727903,2000.624,180.5,9.4,626,2000-08-01,147.86333333333334,23,186.97405,5.359308797127468,94945.45637342909,0.03362818671454219,467.2340933572711,0.11988860971958776,0.12680241451072327
2000,9,20.919121,1863.289673,3.270280376960682,2000.708,156.0,11.2,558,2000-09-01,148.28833333333333,23,209.19121,6.135866242038217,78455.8525477707,0.04304824840764331,455.12820063694267,-0.22288687908847266,0.5154598979606978
2000,10,20.354189,8126.039551,3.9098789317904483,2000.791,141.6,8.0,483,2000-10-01,148.6,23,203.54189000000002,7.287298747763864,77344.19588550983,0.04188354203935599,431.7463864042934,-0.4820165936616378,0.3640879863171773
2000,11,20.830767,617.745178,2.790809364068184,2000.874,158.1,8.9,380,2000-11-01,149.05499999999998,23,208.30767000000003,6.897285488958991,84203.54100946372,0.039849526813880126,464.29359621451107,-0.15021614664551788,0.31672402024195223
2000,12,18.377502,482.226715,2.683251266297972,2000.958,143.3,8.7,391,2000-12-01,149.26833333333332,23,183.77501999999998,7.2924849557522124,68929.29734513274,0.034443008849557526,416.30713274336284,-0.6381827492595088,0.03848846069235262
2001,1,16.384528,383.77837350000004,2.5293746914912965,2001.042,142.6,9.2,437,2001-01-01,149.73833333333332,23,163.84528,7.8560099206349205,66869.78174603175,0.03600496031746032,395.2960119047619,-0.855389236413197,0.053093466986619736
2001,2,15.196129,191.856964,2.2829775677870385,2001.123,121.5,8.1,453,2001-02-01,150.265,23,151.96129000000002,6.110239999999999,72962.26857142858,0.037625428571428574,393.0830857142857,-0.682928771890897,0.2303676036817482
2001,3,11.475813,167.611954,2.2243049890621736,2001.204,165.8,11.9,485,2001-03-01,150.17000000000002,23,114.75813000000001,7.395856382978724,75319.52960992909,0.045713475177304966,446.6681382978723,-0.42209612654017364,0.5448904892642265
2001,4,16.360691,160.189484,2.2046340024431297,2001.288,161.7,9.4,578,2001-04-01,149.27833333333334,23,163.60691,4.41537908496732,88020.78300653596,0.04307467320261438,510.6172549019608,0.39031585977753647,0.6675691567479255
2001,5,22.149342,745.425354,2.872404160238364,2001.371,142.1,8.3,578,2001-05-01,149.6,23,221.49342000000001,5.03212417218543,73706.14437086093,0.04074288079470199,432.1576324503311,-0.3318960008520012,0.4788847055784671
2001,6,19.064251,220.087067,2.342594522809779,2001.455,202.9,10.8,586,2001-06-01,149.36,23,190.64251,6.011355628058727,96811.15938009789,0.022333605220228384,443.01107667210437,-0.03401348586585001,-0.44587902343855373
2001,7,19.452816,470.2742,2.6723511533049056,2001.538,123.0,8.4,645,2001-07-01,148.57666666666668,23,194.52815999999999,6.06603025210084,97678.47714285714,0.03377546218487395,430.88198319327734,-0.16399965568202937,0.04342734732195232
2001,8,19.647856,211.071182,2.3244289422004822,2001.623,161.5,9.3,654,2001-08-01,148.15333333333334,23,196.47856000000002,6.521602288984264,84240.47210300429,0.03415608011444921,432.7508726752503,-0.31609449495619213,0.060607508228031876
2001,9,16.702404,1471.880005,3.1678724055921315,2001.707,238.2,12.1,518,2001-09-01,147.76333333333332,23,167.02404,6.5327603960396035,93987.83564356435,0.03967188118811882,445.9916435643564,-0.15560395475732267,0.2947594795653913
2001,10,14.829405,2356.4876865,3.1383039456447266,2001.79,194.1,11.3,628,2001-10-01,147.285,23,148.29405,6.887387096774194,62001.967419354834,0.04930467741935484,425.7726935483871,-0.670166204164291,0.7492653035158349
2001,11,18.200338,207.619385,2.3172679002626264,2001.874,176.6,13.3,509,2001-11-01,146.71166666666664,23,182.00338,5.130430939226519,75126.2044198895,0.03796906077348066,441.42270718232044,-0.24948011974754375,0.3548711610886495
2001,12,19.878916,267.417267,2.4271894460101526,2001.958,213.4,12.5,487,2001-12-01,145.43166666666667,23,198.78916,9.502968852459016,86233.44901639344,0.03724622950819672,412.24714754098363,-0.6874981431462093,-0.033786737023228416
2002,1,20.777037,304.928436,2.484197926241539,2002.042,184.6,11.7,500,2002-01-01,143.08666666666667,23,207.77037,6.7642518796992475,88242.09962406015,0.0388,418.15969924812026,-0.4189488947399777,0.22646508045327135
2002,2,,,,2002.123,170.2,11.3,475,2002-02-01,141.59166666666667,23,,8.385774193548388,95679.9430740038,0.037831309297912716,433.2550853889943,-0.365888410910209,0.06854304900666283
2002,3,19.739996,464.081818,2.6665945537735847,2002.204,147.1,9.1,580,2002-03-01,140.38166666666666,23,197.39996000000002,7.484945364238411,105932.59602649006,0.04451523178807947,462.3219039735099,-0.023584186643112886,0.4317410221057776
2002,4,18.531818,259.49649,2.4141314878725657,2002.288,186.9,9.8,603,2002-04-01,139.42333333333332,23,185.31818,6.015413978494624,96353.4471326165,0.04757258064516129,471.8940860215054,0.054297154605365626,0.6998962945274929
2002,5,17.236368,149.107971,2.173500860547457,2002.371,187.5,9.7,595,2002-05-01,137.84833333333333,23,172.36368,6.737136963696369,83693.97524752475,0.033940264026402635,421.07148514851485,-0.41881068987432885,0.026172917683685595
2002,6,16.738346,126.939575,2.1035970399408823,2002.455,128.8,7.7,569,2002-06-01,135.87833333333333,23,167.38346,6.084541071428571,88363.95,0.03299571428571428,410.27128571428574,-0.39454717613604245,0.008917176782542521
2002,7,18.1379195,115.787571,2.0633039912650553,2002.538,161.0,11.0,628,2002-07-01,134.41333333333333,23,181.37919499999998,6.932004991680532,99581.11813643927,0.041631114808652246,455.85024958402664,-0.07335523365928177,0.3505812349634455
2002,8,15.025817,106.051941,2.0255186215359866,2002.623,175.6,9.8,663,2002-08-01,132.99666666666667,23,150.25817,6.451403345724907,78743.30334572491,0.04312379182156134,436.395594795539,-0.3760165862310155,0.4783808760569199
2002,9,18.812428,497.618042,2.6968961180633797,2002.707,187.9,10.1,554,2002-09-01,130.95999999999998,23,188.12428,5.735548693586699,86859.06935866985,0.040744655581947745,436.25190023752964,-0.2334538038190281,0.4044094998852183
2002,10,17.344692,420.134796,2.623388651747445,2002.79,151.2,8.0,543,2002-10-01,127.99166666666666,23,173.44691999999998,6.3575184615384615,113189.55692307692,0.03796338461538462,490.2198615384615,0.3568422988805524,0.2302662097268544
2002,11,15.914763,225.507782,2.353161533448317,2002.874,147.2,8.2,470,2002-11-01,125.445,23,159.14763,6.991177650429799,112246.70974212035,0.03287893982808023,484.0145845272206,0.27673393918177897,-0.04268965451680974
2002,12,16.664362,318.070251,2.5025230515948933,2002.958,135.3,10.0,408,2002-12-01,123.71166666666666,23,166.64362,7.209551673944686,116326.77991266375,0.037455167394468705,485.8650363901019,0.2916090318470406,0.13734690666111624
2003,1,18.553102,523.442749,2.7188691881102587,2003.042,133.5,7.4,482,2003-01-01,121.525,24,185.53101999999998,6.451013050570962,128606.85644371941,0.04023181076672104,495.72460032626424,0.524752651811808,0.29479472852298744
2003,2,18.757824,380.711945,2.5805965032031333,2003.123,75.7,5.7,538,2003-02-01,118.49333333333334,24,187.57824,6.265968051118211,137543.5782747604,0.03818833865814696,518.6112779552715,0.7928186861958485,0.21889261643816946
2003,3,18.858238,400.338196,2.602427027828477,2003.204,100.7,7.5,633,2003-03-01,116.49333333333334,24,188.58238,6.052618585298197,135912.20249653258,0.035995977808599165,522.512801664355,0.8307242769972399,0.14403337698642615
2003,4,18.946412000000002,175.7235565,2.2447859532597203,2003.288,97.9,6.4,619,2003-04-01,114.51333333333334,24,189.46412000000004,5.741549337260678,141985.31369661266,0.030305007363770252,529.5738880706922,0.986669014003497,-0.09325201114443098
2003,5,18.903561,445.59021,2.6489356404473496,2003.371,86.8,6.6,606,2003-05-01,112.37333333333332,24,189.03561,5.27529810298103,156376.97696476965,0.032818563685636855,584.3873035230353,1.5319370216469248,0.07031825440222161
2003,6,17.137466,301.205322,2.478862641150221,2003.455,118.7,7.9,672,2003-06-01,110.19666666666667,24,171.37466,4.3835139664804466,183498.14245810057,0.02899175977653631,606.6770530726258,2.0318495472878584,-0.07687438382898298
2003,7,18.135651,303.330902,2.481916656550171,2003.538,128.3,7.9,677,2003-07-01,108.79666666666667,24,181.35651,4.503078616352202,162339.78301886792,0.029919811320754715,573.54143081761,1.5859721084982863,-0.028100039907433903
2003,8,17.14135,400.253143,2.6023347509153782,2003.623,115.4,7.3,721,2003-08-01,106.76833333333333,24,171.4135,4.947195744680851,150941.72666666665,0.03246510638297872,573.1546241134752,1.4291025733899865,0.0789868846040625
2003,9,16.964338,349.475403,2.5434166143669987,2003.707,78.5,5.8,685,2003-09-01,104.83833333333332,24,169.64338,4.023049766718507,148846.65474339036,0.03331508553654744,556.310233281493,1.360427196656685,0.16950900416842193
2003,10,15.793937,243.621063,2.3867148338344895,2003.79,97.8,8.8,570,2003-10-01,102.36333333333333,24,157.93937,5.036210622710623,130818.35567765568,0.036109706959706965,535.9438461538462,0.9553150944423354,0.24395593311304403
2003,11,19.02537,827.62323,2.9178326720845953,2003.874,82.9,6.3,443,2003-11-01,100.50666666666666,24,190.25369999999998,4.80450962962963,152866.00414814815,0.035858666666666664,567.8419851851852,1.406890605622793,0.2297728502177304
2003,12,17.7822125,463.34533700000003,2.5831426553810197,2003.958,72.2,5.3,441,2003-12-01,98.75833333333334,24,177.822125,4.849981954887218,148094.9097744361,0.03540406015037594,528.2601503759398,1.0835772206770664,0.1794960927751857
2004,1,18.783606,604.10614,2.781113249824099,2004.042,60.6,5.2,491,2004-01-01,95.785,24,187.83605999999997,5.73121625544267,145224.21480406387,0.03472539912917271,546.3578374455733,1.116419266422084,0.11189888108824256
2004,2,16.32268,140.294952,2.1470420448132104,2004.124,74.6,6.0,479,2004-02-01,94.10499999999999,24,163.22679999999997,4.5258022181146025,117949.85767097966,0.03370406654343808,487.41201478743073,0.5445418515255671,0.15560144905412635
2004,3,15.554484,105.095268,2.021583162005849,2004.206,74.8,5.1,594,2004-03-01,91.75999999999999,24,155.54484,3.8750399334442593,125208.43427620632,0.030590682196339435,509.5671214642263,0.8326892323968377,0.0677688926942591
2004,4,16.113874,175.96109,2.245416643572608,2004.29,59.2,5.1,601,2004-04-01,88.18499999999999,24,161.13873999999998,5.504268476621418,87563.27888386123,0.03051221719457014,436.9495173453997,-0.1596872676947325,-0.033498026193068055
2004,5,15.192315,940.731628,2.9734657455290985,2004.373,72.8,5.7,614,2004-05-01,85.19833333333334,24,151.92315000000002,5.582662358642973,87542.93699515348,0.029379321486268175,441.6713408723748,-0.12818770889050263,-0.08456301535116278
2004,6,16.009544,422.398407,2.6257222716649267,2004.456,66.5,6.8,646,2004-06-01,82.85,24,160.09544000000002,4.693791666666667,101289.169375,0.03303520833333333,475.9534166666666,0.2958414546916097,0.14084671818099412
2004,7,16.292171,207.027557,2.3160281573240415,2004.54,83.8,8.8,709,2004-07-01,79.665,24,162.92171,3.6501810766721046,108288.74013050571,0.033532137030995106,494.0818760195759,0.5686903702258653,0.2369165505383763
2004,8,14.847111,240.728668,2.3815278128044493,2004.624,69.7,5.5,686,2004-08-01,77.07666666666667,24,148.47111,5.532363874345549,85493.40628272251,0.0310413612565445,428.67133507853407,-0.24164349453182332,-0.01525596858613004
2004,9,12.308228,290.1553035,2.441848220164474,2004.708,48.8,5.3,604,2004-09-01,74.54666666666667,24,123.08228,5.946158512720157,82325.61800391389,0.03519275929549902,434.86074363992174,-0.27888754907710767,0.15281612130084266
2004,10,10.965366,142.244385,2.153035131927245,2004.791,74.2,5.5,539,2004-10-01,72.21499999999999,24,109.65366,7.740757679180887,82445.02389078499,0.029811774744027304,405.97858361774746,-0.5970193934961734,-0.237947778464894
2004,11,14.149203,331.612366,2.520630717250455,2004.874,70.1,5.4,477,2004-11-01,69.19000000000001,24,141.49203,7.648815789473685,86789.85139318886,0.040183281733746135,486.47843653250777,-0.031139997513434468,0.29459482925583996
2004,12,15.30145,5092.134766,3.706899888963482,2004.958,28.9,3.4,442,2004-12-01,66.39,24,153.0145,7.288418711656441,91146.94156441718,0.040671932515337426,465.34157975460124,-0.11111176093581242,0.311344315217626
2005,1,15.280588,1149.591797,3.060543656195806,2005.042,48.1,4.6,536,2005-01-01,64.59833333333333,24,152.80588,5.656549763033175,132001.38246445497,0.037097630331753555,576.5380252764613,1.1970507774306762,0.280603866469507
2005,2,16.961006,123.840904,2.0928641135647434,2005.123,43.5,4.3,500,2005-02-01,62.166666666666664,24,169.61006,5.97357911908646,105206.41353996737,0.0319215334420881,497.75244698205546,0.38966606784917046,0.014556789186244232
2005,3,15.519976,201.046249,2.3032959747092687,2005.204,39.6,3.8,607,2005-03-01,59.403333333333336,24,155.19976,5.667485627836611,102628.2069591528,0.025991981845688353,495.43084720121027,0.39848936877267166,-0.223129743056417
2005,4,14.774834,343.164764,2.5355026883084286,2005.288,38.7,3.8,598,2005-04-01,56.33833333333334,24,147.74834,6.964935108153079,100391.25790349417,0.030762895174708815,455.80973377703833,-0.021725823683067465,-0.13478054825553407
2005,5,11.483076,499.3615115,2.647767320653952,2005.371,61.9,5.7,641,2005-05-01,53.84333333333334,24,114.83076,5.939455384615385,94166.14876923077,0.03887307692307692,487.82044615384615,0.1881068480201249,0.3400779225299273
2005,6,11.80451,162.675003,2.2113208234150123,2005.455,56.8,5.3,675,2005-06-01,51.43666666666666,24,118.0451,5.896821124361159,109521.18296422486,0.03340664395229983,464.7944122657581,0.2002191364886912,0.044546108458253186
2005,7,11.960047,219.489502,2.341413753131665,2005.538,62.4,6.1,678,2005-07-01,49.47,24,119.60047,7.354824959481361,98297.84376012966,0.04168573743922204,462.8273419773095,-0.07025228065252999,0.3331468144610009
2005,8,11.193135,197.171646,2.2948444619688058,2005.623,60.5,5.3,706,2005-08-01,47.313333333333325,24,111.93135,5.5004,104475.89147286821,0.037512558139534885,484.1582945736434,0.3008630736924653,0.2836863965440196
2005,9,13.444134,475.781158,2.6774072390071364,2005.707,37.2,4.5,691,2005-09-01,46.1,24,134.44134,6.577908424908425,95688.44230769231,0.029033882783882786,494.4910622710623,0.24142494419889157,-0.13701126777061914
2005,10,12.323778,288.357239,2.459930858532739,2005.79,13.2,3.4,534,2005-10-01,44.68,24,123.23778000000001,6.772245791245791,87601.06936026936,0.02906043771043771,431.81387205387205,-0.288409751349205,-0.1908795906969912
2005,11,11.937676,458.486969,2.6613269967741613,2005.874,27.5,4.1,499,2005-11-01,43.108333333333334,24,119.37675999999999,6.530469352014011,98295.19264448337,0.026295446584938702,459.98311733800347,0.04080258187111341,-0.2937031607499169
2005,12,13.165171,971.222412,2.9873186956583067,2005.958,59.3,3.9,419,2005-12-01,41.73833333333333,24,131.65171,5.601405458089669,107465.65692007798,0.028723391812865495,506.8819298245614,0.5178518316246513,-0.09756236651315414
2006,1,11.642399,413.740387,2.616727916339414,2006.042,20.9,3.4,511,2006-01-01,39.84666666666667,24,116.42398999999999,6.038183266932271,89347.50856573705,0.033378087649402394,447.71023904382474,-0.12182406922627788,0.06252982760241811
2006,2,10.039979500000001,114.9089625,2.060307381732935,2006.123,5.7,3.7,434,2006-02-01,37.718333333333334,24,100.39979500000001,7.044582392776523,88811.10383747179,0.025221218961625283,427.2145146726862,-0.31385189772710903,-0.3868985333147217
2006,3,10.754342,114.375519,2.0583330777702398,2006.204,17.3,4.2,502,2006-03-01,35.8,24,107.54342,7.021164556962026,88745.34746835443,0.029845569620253167,439.4639715189873,-0.2470301160851096,-0.16869913790344374
2006,4,12.125443,220.580521,2.3435671581688693,2006.288,50.3,5.1,550,2006-04-01,34.51166666666666,24,121.25443000000001,5.684174664107485,99924.45335892515,0.02244721689059501,462.4276583493282,0.15632323721652874,-0.40660868499085995
2006,5,10.874566,142.565704,2.154015062998691,2006.371,37.2,3.9,566,2006-05-01,32.95166666666667,24,108.74566,5.913149882903981,109836.38407494145,0.031089227166276347,484.49695550351294,0.34946648719280937,-0.041133415512031646
2006,6,10.535161,153.589813,2.186362411629072,2006.455,24.5,3.3,566,2006-06-01,31.68,24,105.35161000000001,5.006677824267783,127657.58786610879,0.035471129707112976,508.16089958158994,0.7363628052633416,0.1983681139512385
2006,7,9.832217,230.857819,2.3633445884000364,2006.538,22.2,2.4,628,2006-07-01,30.493333333333332,24,98.32217,6.104273195876289,95338.51288659793,0.029906701030927834,469.7365721649485,0.09867430962885422,-0.08824755704948094
2006,8,10.701659,143.217224,2.1559952514797303,2006.623,20.8,2.5,650,2006-08-01,29.505,24,107.01659,5.38177264957265,81607.88837606838,0.026103589743589742,453.07066666666674,-0.07516636269610107,-0.19143827413145262
2006,9,10.489,116.885666,2.067761255740172,2006.707,23.7,3.0,567,2006-09-01,28.281666666666663,24,104.89000000000001,6.937558419243986,79565.51718213058,0.022036941580756014,439.3913402061856,-0.2946353813585889,-0.4880651519656976
2006,10,8.3653635,116.9033625,2.067819973138495,2006.79,14.9,2.4,537,2006-10-01,27.044999999999998,24,83.65363500000001,5.328914389799635,98657.9344262295,0.023530054644808743,467.7815300546448,0.204869359130257,-0.32602537528550357
2006,11,10.402102,87.883675,1.9439082093642006,2006.874,35.7,3.5,444,2006-11-01,26.078333333333333,24,104.02102,5.483633744855966,88971.18230452675,0.024161111111111112,468.20288065843624,0.10085847259308248,-0.28665962425327796
2006,12,10.967064,126.002739,2.1003799857497616,2006.958,22.3,3.5,415,2006-12-01,24.913333333333334,24,109.67064,3.887559454191033,133475.9044834308,0.02908109161793372,561.7688109161794,1.2812576752933966,0.03121057108142104
2007,1,10.451326,132.722504,2.1229445666805917,2007.042,29.3,2.8,474,2007-01-01,23.91,24,104.51326,4.392997995991984,134888.49659318637,0.029141683366733468,544.0428657314629,1.1310191945194277,-0.02129854681462753
2007,2,9.77027,230.658539,2.362969536862936,2007.123,18.4,2.7,423,2007-02-01,22.605,24,97.7027,5.452293859649123,100678.54605263157,0.02580109649122807,475.42100877192985,0.25795805619625206,-0.23130840758978077
2007,3,9.678192,84.910126,1.9289594853404237,2007.204,7.2,2.8,611,2007-03-01,21.44333333333333,24,96.78191999999999,5.840889455782313,99389.3137755102,0.026562755102040817,480.5251360544218,0.2475690768833159,-0.21682991587479886
2007,4,11.405842,87.291817,1.940973533530155,2007.288,5.4,2.4,650,2007-04-01,20.74833333333333,24,114.05842,5.647542750929368,95247.26951672863,0.032252973977695165,474.66817843866176,0.15796733915679917,0.05228472424594449
2007,5,11.259468,77.708382,1.8904678664201224,2007.371,19.5,3.3,615,2007-05-01,19.639999999999997,24,112.59468,4.637230588235294,103932.02988235294,0.04108776470588235,531.2178823529412,0.6765661915199959,0.548035931039757
2007,6,11.832168,74.711632,1.873388223236249,2007.455,21.3,3.4,607,2007-06-01,18.586666666666666,24,118.32167999999999,5.587824596774194,90049.96572580645,0.03159536290322581,452.7531653225807,-0.036930125592073065,0.018121013014166167
2007,7,9.3645405,71.25729,1.8507718549645662,2007.538,15.1,1.9,703,2007-07-01,18.376666666666665,24,93.64540500000001,5.276262548262548,96656.42258687258,0.021475868725868725,463.89615830115827,0.17168913571767655,-0.4125221269835695
2007,8,9.167399,62.445374,1.7955002710418233,2007.623,9.8,2.2,669,2007-08-01,17.9,24,91.67399,5.325690265486726,92582.36637168142,0.02289946902654867,463.5180353982301,0.1203078646603826,-0.34412620880068856
2007,9,8.737835,52.825745,1.7228456306104372,2007.707,4.0,2.1,637,2007-09-01,17.65,24,87.37835000000001,4.450164835164835,111226.51831501831,0.029113186813186812,505.5843406593406,0.6331902685703151,-0.009984322068231643
2007,10,8.832383,49.501534,1.6946186574671565,2007.79,1.5,2.4,547,2007-10-01,17.39,24,88.32383,4.221808755760369,94416.63824884793,0.03283594470046083,502.94516129032263,0.4568311441495592,0.20599298256475987
2007,11,10.459094,44.054836,1.6439935888623856,2007.874,2.8,2.5,437,2007-11-01,16.918333333333333,24,104.59094,4.126373831775701,108591.02336448598,0.024329672897196262,512.419953271028,0.701854420117769,-0.1868439694717799
2007,12,10.69684,43.920525,1.6426675227726428,2007.958,17.3,3.1,468,2007-12-01,16.118333333333332,24,106.9684,4.438397619047619,119393.10238095238,0.029215238095238096,514.9415476190477,0.7766458433167283,-0.014090927977627128
2008,1,12.016068,51.978577,1.715824385793946,2008.042,4.1,2.8,480,2008-01-01,15.485000000000001,24,120.16068000000001,4.019880718954248,122849.28921568628,0.022890359477124183,523.7862091503267,0.9313211423975181,-0.2643942685617869
2008,2,13.664755,63.55418,1.8031441196616185,2008.124,2.9,2.4,490,2008-02-01,14.865000000000002,24,136.64755,4.371018348623854,128298.45412844037,0.023571406727828745,525.7704128440366,0.9665017039475112,-0.26900222467033963
2008,3,13.722303,67.069061,1.826522226045837,2008.206,15.5,2.7,548,2008-03-01,14.35,24,137.22303,4.101949720670391,118428.20391061452,0.02711326815642458,526.0814804469275,0.880691551960122,-0.07099428071445162
2008,4,13.0641395,75.819767,1.8797822985127857,2008.29,3.6,2.3,562,2008-04-01,14.336666666666668,24,130.641395,3.487820472440945,118971.36818897637,0.029202834645669293,525.2642834645669,0.9193345902218083,0.06220724786515867
2008,5,12.623115,67.144348,1.827009460999962,2008.373,4.6,3.2,637,2008-05-01,14.676666666666666,24,126.23115,4.182502024291498,111765.7085020243,0.02988056680161943,492.0028340080972,0.5611921422432979,0.028442846728831427
2008,6,11.7354,60.983978,1.785215750090056,2008.456,5.2,2.3,637,2008-06-01,14.791666666666666,24,117.354,2.9193083700440527,117385.21145374449,0.025466740088105726,535.3446475770925,1.0353183457464548,-0.050535222536142815
2008,7,10.072157,46.674667,1.6690812281620186,2008.54,0.6,2.0,664,2008-07-01,14.211666666666668,24,100.72157000000001,3.9194106728538283,93050.41299303944,0.01995661252900232,487.21709976798144,0.41321226314252435,-0.3551646721633468
2008,8,10.287779,45.09687,1.6541464002171933,2008.624,0.3,2.0,525,2008-08-01,14.318333333333333,24,102.87779,4.919,91168.76308539945,0.011172176308539946,463.1336914600551,0.18658319009144114,-0.8323008520228505
2008,9,10.280159,50.219479,1.7008722028293375,2008.708,1.2,2.4,605,2008-09-01,15.028333333333332,24,102.80158999999999,4.381092140921409,85023.30189701897,0.015453658536585365,468.3611653116531,0.18841770651611905,-0.5865496356730939
2008,10,8.784456,36.639324,1.5639474522835293,2008.791,4.2,2.9,571,2008-10-01,16.05,24,87.84456,3.0850030120481926,134321.77710843374,0.015719578313253012,543.3830421686747,1.2814309548601086,-0.5240413166099955
2008,11,8.331026,32.526993,1.5122439162216286,2008.874,6.6,2.4,445,2008-11-01,16.48,24,83.31026,3.104440528634361,104696.23788546256,0.013152422907488985,495.70691629955945,0.6764405104217331,-0.61788584962895
2008,12,7.446652,36.1656025,1.5523470768464376,2008.958,1.0,2.0,480,2008-12-01,16.83,24,74.46652,3.557535519125683,101239.96721311475,0.011961748633879781,472.9192349726776,0.4540663493692867,-0.7160372195100061
2009,1,7.08212,27.239452,1.4351983662447847,2009.042,1.3,2.0,317,2009-01-01,17.35666666666667,24,70.8212,5.7158158567774935,61079.37851662404,0.011992583120204603,400.52588235294115,-0.6026368878607723,-0.8433647638459515
2009,2,7.779414,32.128075,1.5068847049501255,2009.123,1.2,2.2,385,2009-02-01,18.061666666666667,24,77.79414,5.797012315270936,70080.4039408867,0.01823423645320197,420.7344581280788,-0.40921618895451356,-0.5736251055310563
2009,3,7.364415,29.337233,1.4674191500832803,2009.204,0.6,2.0,523,2009-03-01,18.811666666666667,24,73.64415,4.006922716627634,66858.5269320843,0.02536135831381733,427.9388992974239,-0.27979672476352874,-0.11954069592124106
2009,4,6.893572,23.710043,1.3749323416055939,2009.288,1.2,2.2,586,2009-04-01,20.418333333333333,24,68.93572,3.384603715170279,74420.5294117647,0.026529411764705885,444.02065015479883,-0.05183113794589375,-0.02624905317105661
2009,5,5.525854,24.014225,1.3804685754157666,2009.371,2.9,2.4,610,2009-05-01,22.265,24,55.258539999999996,3.3940639999999997,76160.8,0.030784,446.97232,-0.03373867496546444,0.16037456502875538
2009,6,7.090549,28.849546,1.4601389831331302,2009.455,6.3,2.7,623,2009-06-01,23.988333333333333,24,70.90549,4.406343065693431,75639.34817518247,0.012234306569343064,443.9820437956204,-0.05912428753785849,-0.7329813095030016
2009,7,6.453027,33.096474,1.5197817277965175,2009.538,5.5,2.6,671,2009-07-01,25.438333333333336,24,64.53027,4.994369897959183,69695.40663265306,0.018586479591836735,420.4141326530612,-0.3536590872842425,-0.5016859005523001
2009,8,6.034717,27.27879,1.4358251024955264,2009.623,0.0,2.0,691,2009-08-01,26.52333333333333,24,60.34717,5.366056201550387,65169.716860465116,0.018508527131782946,412.2626550387597,-0.48242168698509885,-0.5285620778188579
2009,9,3.5444765,14.9056125,1.164707485166841,2009.707,7.1,2.2,628,2009-09-01,27.013333333333332,24,35.444765000000004,3.703443925233645,56525.92289719626,0.019480841121495326,417.4157009345795,-0.4023746522819275,-0.34562043492749495
2009,10,4.151577,11.625447,1.065409660564246,2009.79,7.7,2.7,564,2009-10-01,28.336666666666666,24,41.515769999999996,4.866698979591837,54676.66836734694,0.01966734693877551,395.3944897959184,-0.6657632105676161,-0.4350317403664448
2009,11,8.669016,133.703186,2.126141756145557,2009.874,6.9,3.2,452,2009-11-01,29.67833333333333,24,86.69015999999999,3.953414772727273,79395.86363636363,0.02014659090909091,432.08312500000005,-0.1050142444809747,-0.3709520501682743
2009,12,12.150626,54.9879,1.740267134196757,2009.958,16.3,3.5,415,2009-12-01,30.961666666666662,24,121.50626000000001,5.67958125,50360.25625,0.00964,375.0965,-0.869113591685186,-0.9451444806781308
2010,1,15.776945,405.591797,2.608089162908957,2010.042,19.5,2.5,413,2010-01-01,32.14,24,157.76945,5.616485436893203,62101.935275080905,0.018280258899676376,397.937572815534,-0.6302641041932306,-0.5628261086294384
2010,2,14.569946,106.024872,2.025407756824016,2010.123,28.5,2.7,376,2010-02-01,33.556666666666665,24,145.69946,4.58496551724138,55690.80482758621,0.016066896551724136,403.82055172413794,-0.5596895463586885,-0.5691206690650873
2010,3,14.819244,99.213242,1.9965696413449436,2010.204,24.0,3.6,564,2010-03-01,34.973333333333336,24,148.19244,5.006787781350483,77865.93247588424,0.018736655948553053,422.1316398713826,-0.2656074626117499,-0.5126303962766586
2010,4,13.139888,123.039017,2.0900428527468464,2010.288,10.4,3.3,592,2010-04-01,36.468333333333334,24,131.39888,3.3568254545454543,97185.50945454546,0.04012109090909091,501.0283636363636,0.5062690960110505,0.5806227624446815
2010,5,12.174863,231.477829,2.364509400519997,2010.371,13.9,3.4,573,2010-05-01,37.718333333333334,24,121.74863,2.501,202367.62777777776,0.034772222222222225,648.2327777777778,2.624177255063471,0.30707560717509524
2010,6,10.169064500000001,87.3763945,1.921267673977097,2010.455,18.8,3.0,600,2010-06-01,39.13166666666667,24,101.69064500000002,4.61580078125,97716.703125,0.032997265625,458.7676953125,0.14817547433838002,0.13624346969131867
2010,7,14.065017,188.01149,2.2741843912376956,2010.538,25.2,3.4,718,2010-07-01,39.79,24,140.65017,3.773875757575757,72801.5090909091,0.03308666666666667,456.0425757575757,-0.04206488334419707,0.25212727400350826
2010,8,12.556593,128.771652,2.109820267255182,2010.623,29.6,3.4,689,2010-08-01,41.32333333333333,24,125.56593,2.972888888888889,70345.50724637682,0.03544589371980676,454.50801932367153,-0.023446127628214842,0.4163135663658282
2010,9,14.395285,490.165558,2.6903427918282334,2010.707,36.4,4.0,505,2010-09-01,42.29,24,143.95284999999998,4.733116666666667,68494.08333333333,0.015065,429.69350000000003,-0.2646383835807002,-0.6279082253128664
2010,10,13.340659,300.06955,2.4772219269879074,2010.79,33.6,3.9,501,2010-10-01,43.33666666666667,24,133.40659,2.103342857142857,168019.24285714285,0.03046142857142857,625.2314285714285,2.186781874564694,0.1991421661453731
2010,11,11.412979,81.018036,1.908581711018628,2010.874,34.4,3.7,404,2010-11-01,45.06499999999999,24,114.12979,5.421654411764706,75777.97867647058,0.06518308823529412,452.83485294117645,-0.3036272328085171,1.5489982796084245
2010,12,15.256924,148.367004,2.1713373269938105,2010.958,24.5,3.6,393,2010-12-01,46.99166666666667,24,152.56924,5.637176991150442,90642.15486725664,0.024423893805309734,431.08039823008846,-0.15560396670144874,-0.3248217109426315
2011,1,14.183201,58.136005,1.7644451845367985,2011.042,27.3,3.1,417,2011-01-01,48.18333333333333,24,141.83201,4.641698863636363,87408.04204545455,0.036140625,456.1937215909091,0.016629573003194113,0.29434378478034295
2011,2,17.84341,97.347908,1.988326622997105,2011.123,48.3,5.1,399,2011-02-01,49.61000000000001,24,178.4341,2.6199428571428576,57603.1,0.03608,416.42442857142856,-0.38551705847983603,0.46127839128003806
2011,3,19.9071585,1196.1193235,2.9999226188588297,2011.204,78.6,6.9,566,2011-03-01,51.135,24,199.07158500000003,9.36415,29061.75,0.00571,377.8985,-1.324195880826451,-1.3246778119131055
2011,4,,,,2011.288,76.1,6.2,557,2011-04-01,52.02333333333333,24,,5.7672,150903.63333333333,0.008836666666666666,538.9956666666666,1.2276587187491195,-1.0566621729343828
2011,5,18.968792,99.232452,1.9966537227563894,2011.371,58.2,5.0,607,2011-05-01,53.86,24,189.68792000000002,5.432823529411765,99780.11764705883,0.08345882352941177,511.39176470588234,0.2538282491501865,2.3592547261215895
2011,6,20.674109,534.193115,2.7276982862746895,2011.455,56.1,5.0,544,2011-06-01,55.64833333333333,24,206.74109,4.768275590551181,92397.49212598425,0.04180826771653543,467.55082677165353,0.10902438365459666,0.5360984261151361
2011,7,21.23848,1118.105103,3.0484826295857315,2011.538,64.5,4.8,549,2011-07-01,57.70166666666667,24,212.38479999999998,5.076408163265306,101023.92176870749,0.03155,447.85952380952386,0.07355802710812415,0.02232329616347144
2011,8,20.143932,146.076477,2.164580286217676,2011.623,65.8,5.6,605,2011-08-01,59.629999999999995,24,201.43932,2.319659090909091,43084.42272727273,0.016679545454545454,475.16409090909093,-0.0063736846247149205,-0.28824393494143635
2011,9,,,,2011.707,120.1,8.8,535,2011-09-01,62.044999999999995,24,,2.948128205128205,45342.803846153845,0.03395641025641026,412.2146153846154,-0.5480775406581306,0.3679934683251913
2011,10,,,,2011.79,125.7,9.0,503,2011-10-01,64.18,24,,7.5233333333333325,24102.22333333333,0.06174,376.2403333333333,-1.4797443298969608,1.2936723508583925
2011,11,20.196407,932.023071,2.969426662873273,2011.874,139.1,9.9,434,2011-11-01,66.035,24,201.96407,9.172818181818181,47858.13636363636,0.013154545454545453,368.1118181818182,-1.2308564002189761,-1.0333362783807587
2011,12,,,,2011.958,109.3,8.4,361,2011-12-01,67.86166666666666,24,,6.111913357400722,47295.42490974729,0.028721660649819493,373.2209386281588,-1.0274214973452978,-0.12520746651079415
2012,1,20.559855,940.550171,2.9733819667203214,2012.042,94.4,7.1,386,2012-01-01,69.47166666666666,24,205.59855,5.863358306188925,65922.59641693812,0.03892377850162867,400.6943973941368,-0.6829413680387802,0.32808986122851713
2012,2,19.145109,985.250671,2.9935467393118076,2012.124,47.8,4.4,388,2012-02-01,71.05,24,191.45109000000002,8.14475,24462.75,0.017075,386.0675,-1.2641544663017368,-0.7185998110900529
2012,3,18.828184,1525.469971,3.183403662940499,2012.206,86.6,7.3,500,2012-03-01,72.83166666666666,24,188.28184,8.135924528301887,55073.11698113208,0.06673207547169811,434.56820754716983,-0.847623012306524,1.458084693337261
2012,5,20.40148,1281.38916,3.107681045727251,2012.373,96.5,7.2,543,2012-05-01,76.25166666666665,24,204.01479999999998,4.574591463414634,49719.766463414635,0.022628048780487804,387.4760365853659,-0.7580044783109757,-0.28004086527936256
2012,6,20.515692,8274.589844,3.91774647581305,2012.456,92.0,6.5,498,2012-06-01,77.86333333333333,24,205.15692,4.401823033707865,61536.920224719106,0.027125280898876402,419.44030898876406,-0.4283013748348967,-0.06501881918322805
2012,7,19.578318,2674.598389,3.427258578680403,2012.54,100.1,7.3,601,2012-07-01,79.47333333333333,24,195.78318,3.1583378378378377,67902.76554054054,0.060299324324324326,469.0648648648649,-0.06659763687959751,1.5232241501338066
2012,8,20.544469,950.5470885,2.9632411912796934,2012.624,94.8,6.5,612,2012-08-01,80.69833333333332,24,205.44468999999998,5.037595238095238,74169.66666666667,0.03944285714285715,430.1069047619048,-0.3366382136692809,0.4179472708177875
2012,9,,,,2012.708,93.7,8.1,511,2012-09-01,81.33500000000001,24,,3.9153090909090906,32738.545454545456,0.031525454545454544,369.05,-1.0346807785821375,0.18034734258362742
2012,10,19.549114,642.212524,2.8076787706341837,2012.791,76.5,5.1,493,2012-10-01,81.84333333333333,24,195.49114,7.385352941176471,51686.294117647056,0.024405882352941177,361.4205882352941,-1.1493842904093323,-0.4259140023486694
2012,11,17.294851,754.139038,2.877451422619761,2012.874,87.6,6.5,382,2012-11-01,82.925,24,172.94851,4.1886628895184135,57753.555524079326,0.03591643059490085,399.3596600566572,-0.625592783423094,0.3284145865872854
2012,12,,,,2012.958,56.8,5.1,360,2012-12-01,84.17333333333333,24,,5.261215846994536,62851.428961748636,0.041331147540983604,391.8764207650273,-0.7368281520928152,0.47503162011823824
2013,1,,,,2013.042,96.1,6.3,362,2013-01-01,84.96833333333332,24,,5.89466576819407,67622.22345013477,0.0384078167115903,392.6361725067385,-0.723275557362128,0.2915701861358605
2013,2,19.91679,716.733887,2.8553579382901013,2013.123,60.9,4.4,363,2013-02-01,85.645,24,199.16789999999997,8.051357142857142,42821.333333333336,0.02526190476190476,368.80777777777774,-1.238030622713666,-0.4073314494457165
2013,3,17.463163,421.627075,2.624928491544029,2013.204,78.3,6.1,429,2013-03-01,86.225,24,174.63163000000003,4.857408376963351,79552.1227748691,0.033094502617801044,444.27806282722514,-0.14505857044136938,0.1507856499060616
2013,4,18.13969,395.697296,2.5973630825220515,2013.288,107.3,6.8,509,2013-04-01,86.92833333333333,24,181.39690000000002,5.210327485380117,81791.52865497077,0.043796491228070174,422.4348538011696,-0.3500318905134972,0.5742652127759663
2013,5,19.367685,928.025879,2.9675600871565653,2013.371,120.2,8.2,487,2013-05-01,87.42833333333334,24,193.67685,4.73256976744186,73403.26209302325,0.03721558139534884,437.01332558139535,-0.26218742095578174,0.3488320566577726
2013,6,19.769659,1976.833252,3.295970037654371,2013.455,76.7,5.2,469,2013-06-01,87.89166666666667,24,197.69659000000001,4.912405923344948,100856.68466898955,0.03412595818815331,472.0417595818815,0.2425728428198181,0.1711937914599271
2013,7,18.249899,318.212677,2.5027174771379674,2013.538,86.2,6.7,575,2013-07-01,88.45,24,182.49899,4.073847184986596,57189.580428954425,0.03739678284182306,416.4291420911528,-0.5091496110189784,0.4194713100463084
2013,8,18.931761,2145.680176,3.3315649887624765,2013.623,91.8,6.6,563,2013-08-01,88.945,24,189.31761,3.8853625730994157,47611.8918128655,0.03451286549707602,416.1170175438596,-0.5751848724537898,0.32611238506713325
2013,9,17.549631,793.511475,2.899553211485506,2013.707,54.5,5.3,446,2013-09-01,89.08,24,175.49631000000002,3.8721175059952038,71177.31894484413,0.032194004796163064,410.2558273381295,-0.38103266038201183,0.16580108598335858
2013,10,19.719074,655.178711,2.8163597772666544,2013.79,114.4,8.2,421,2013-10-01,88.67166666666667,24,197.19074,3.4073524590163933,51683.60409836066,0.04419918032786885,421.4958196721311,-0.5031234781440849,0.7841872393144034
2013,11,19.676901,2348.25293,3.3707448728938654,2013.874,113.9,8.2,321,2013-11-01,88.035,24,196.76901,4.099135278514589,70341.9599469496,0.031083554376657826,394.9739787798409,-0.5086949491193986,0.08817357743660045
2013,12,17.690752,803.729431,2.9051098716336736,2013.958,124.2,9.1,402,2013-12-01,87.92333333333333,24,176.90752,4.207699769053118,57685.33256351039,0.03450161662817552,397.06431870669746,-0.6376684234261425,0.2624140542087291
2014,1,18.540288,617.6480865,2.7787679816986337,2014.042,117.0,8.2,398,2014-01-01,87.33,25,185.40288,3.7832144927536233,84165.54202898551,0.03627478260869565,439.82791304347825,-0.06168321206250812,0.35164339124946487
2014,2,19.398674,1125.536987,3.051359771203324,2014.123,146.1,10.7,384,2014-02-01,86.79500000000002,25,193.98674,4.549242152466368,58464.54080717489,0.034723766816143496,432.8241704035874,-0.40835332768458615,0.2808334604687248
2014,3,15.795692,869.949829,2.939494207082139,2014.204,128.7,8.6,493,2014-03-01,86.53500000000001,25,157.95692,3.732645714285714,63988.10857142857,0.02999,400.54557142857146,-0.49674534440903984,0.08481666787308034
2014,4,18.056959,908.742859,2.958441011147336,2014.288,112.5,6.9,486,2014-04-01,85.27666666666666,25,180.56959,4.219443127962085,70275.15213270142,0.042971563981042654,428.55388625592417,-0.33551360807009184,0.638323887740611
2014,5,16.939196,662.845581,2.8214123653117777,2014.371,112.5,7.5,493,2014-05-01,83.73833333333333,25,169.39195999999998,6.212822553897181,47683.752736318405,0.0392441127694859,364.5042122719735,-1.1378069009793865,0.32450510428483387
2014,6,14.830681,192.606033,2.2846698864103963,2014.455,102.9,7.7,469,2014-06-01,81.77666666666666,25,148.30681,6.025352059925094,59900.70767790262,0.04437078651685393,393.99016853932585,-0.8231617533749284,0.5651587175805999
2014,7,14.777545,308.897491,2.4898143807867843,2014.538,100.2,7.4,477,2014-07-01,80.26333333333334,25,147.77545,5.645449799196787,48204.24176706827,0.04420883534136546,368.08931726907633,-1.084691906695468,0.5860061734382217
2014,8,19.383123,618.332642,2.7912221736641465,2014.623,106.9,7.6,486,2014-08-01,79.125,25,193.83123,5.251596551724138,59096.713793103445,0.03951206896551725,392.4552068965517,-0.7598986982299895,0.404148628864425
2014,9,19.694921,1889.46582,3.276339040037286,2014.707,130.0,8.7,419,2014-09-01,78.76833333333333,25,196.94921,5.291645320197045,72374.85287356321,0.042600985221674874,420.8170114942529,-0.4520887693546193,0.535307309561764
2014,10,21.003856499999998,726.0370945,2.7072963181004024,2014.79,90.0,6.9,440,2014-10-01,77.61999999999999,25,210.03856499999998,6.346318264014466,78249.26763110308,0.039707775768535264,406.97497287522606,-0.5631626041483725,0.3075117205489879
2014,11,18.081175,199.888321,2.300787420063953,2014.874,103.6,8.5,397,2014-11-01,76.72666666666666,25,180.81175000000002,6.449952991452991,89048.6282051282,0.0365017094017094,428.61829059829057,-0.30371049145195844,0.15469855963063953
2014,12,18.37546,407.363007,2.6099815877833787,2014.958,112.9,7.4,331,2014-12-01,75.43333333333334,25,183.7546,5.726296998420222,117456.75197472353,0.037024802527646124,476.2854502369668,0.3536921664540312,0.20970840102421606
2015,1,16.93395,830.902527,2.9195500797781957,2015.042,93.0,7.5,546,2015-01-01,74.22,25,169.3395,6.3480036900369,80868.9889298893,0.03645350553505535,421.640110701107,-0.4219912719879313,0.17138858986061156
2015,2,15.985243,1060.847046,3.0256527713973664,2015.123,66.7,5.3,442,2015-02-01,72.84833333333334,25,159.85243,7.365444444444444,69328.32444444444,0.03557866666666667,409.2529333333334,-0.6942516547404604,0.07608333420467535
2015,3,14.01297,1008.149536,3.003524954572826,2015.204,54.5,4.8,628,2015-03-01,71.81166666666667,25,140.12969999999999,5.48080380952381,108592.2,0.04107828571428571,493.79838095238097,0.3934867060738326,0.44285999002496473
2015,4,12.928018,379.433624,2.5791358138236533,2015.288,75.3,8.2,847,2015-04-01,70.97833333333332,25,129.28018,6.610877118644067,96331.77966101695,0.04291758474576272,461.37841101694914,-0.04599860361061531,0.4424320535845432
2015,5,13.087429,246.198273,2.3912850021728733,2015.371,88.8,8.6,895,2015-05-01,69.92333333333335,25,130.87429,6.067704496788008,74265.0398286938,0.03618950749464668,422.12443254817987,-0.4582700674263885,0.19448703232642056
2015,6,16.719746,1807.5060425,3.243460067906945,2015.455,66.5,6.3,826,2015-06-01,68.55833333333334,25,167.19746,4.683784355179704,100747.94503171247,0.047956659619450316,488.4902959830867,0.31476287879163084,0.8153826913672597
2015,7,14.39103,305.334686,2.4847761429253756,2015.538,65.8,5.7,977,2015-07-01,67.74833333333333,25,143.9103,4.434989384288747,97384.88535031847,0.03160764331210191,443.34630573248404,0.05752418528830533,0.07333373517960953
2015,8,14.262264,601.871338,2.779503662074041,2015.623,64.4,5.2,892,2015-08-01,66.26,25,142.62264,4.913716753022452,76287.59481865284,0.035301727115716754,450.12955094991366,-0.14916471360330563,0.2575156912093258
2015,9,14.493025,677.145874,2.8306822365565454,2015.707,78.6,6.4,862,2015-09-01,65.42333333333333,25,144.93025,5.3198209191759105,89649.30190174327,0.04007448494453249,453.3464500792393,-0.0520785070801994,0.4136439401386
2015,10,17.306993,890.152832,2.9494645778763577,2015.79,63.6,5.4,662,2015-10-01,64.16,25,173.06993,6.346186241610739,90418.86258389262,0.03141107382550336,450.16080536912756,-0.11022443928036993,-0.04604319930963812
2015,11,16.819719,841.242554,2.924921233224873,2015.874,62.2,5.2,622,2015-11-01,62.52,25,168.19718999999998,6.297317738791423,92175.2013645224,0.039333528265107214,463.96169590643274,-0.027450974758183446,0.3173376377726393
2015,12,18.058346,3870.97168,3.5878199940353803,2015.958,58.0,5.4,704,2015-12-01,60.735,25,180.58346,5.52374438687392,108238.21018998274,0.03775854922279793,475.53264248704664,0.2735226310162882,0.2762796669736032
2016,1,17.479214,1126.743408,3.0518250259153255,2016.042,57.0,4.7,634,2016-01-01,59.71666666666667,25,174.79214,5.951150862068965,57574.268103448274,0.03389008620689655,432.3835775862069,-0.5262894291850124,0.14807114786844022
2016,2,16.834934,454.107941,2.657159096488781,2016.124,56.4,5.1,662,2016-02-01,58.30666666666666,25,168.34934,8.591420289855073,51288.057971014496,0.028472463768115942,397.57681159420287,-1.0128741471585634,-0.29433312216233587
2016,3,15.37881,1029.630432,2.9873976049163824,2016.206,54.1,4.9,873,2016-03-01,56.92166666666667,25,153.7881,5.539763527054109,85947.35470941884,0.03460781563126253,443.5253306613227,-0.14955988696194444,0.15527434532842682
2016,4,14.299997,160.99913,2.206823529216818,2016.288,37.9,3.5,865,2016-04-01,56.068333333333335,25,142.99997,7.033041528239202,69440.0415282392,0.03082923588039867,404.75986710963457,-0.6780309118394053,-0.1156382608626164
2016,5,13.836471,139.979553,2.1460646023368235,2016.373,51.5,4.7,878,2016-05-01,54.24333333333333,25,138.36471,5.292747292418772,110748.31949458484,0.02894729241877256,455.4380685920578,0.21315635125009638,-0.12259196937293303
2016,6,11.881418,134.498718,2.1287181447980608,2016.455,20.5,2.0,942,2016-06-01,52.42666666666666,25,118.81418,5.201775583482944,95950.2908438061,0.028366965888689408,457.23633752244166,0.0946538477267235,-0.10698552491764812
2016,7,10.615865,213.172943,2.3287320809760397,2016.54,32.4,3.8,1025,2016-07-01,50.40833333333333,25,106.15865,5.426816554809843,95716.62885906041,0.03443109619686801,470.6677852348993,0.1424398038814871,0.1591992258735236
2016,8,11.632367,111.048904,2.045514276625141,2016.624,50.2,4.5,1067,2016-08-01,48.58666666666667,25,116.32367,5.010582857142857,77891.17428571428,0.020816857142857144,444.2356,-0.12030205672450474,-0.39978514226538764
2016,9,11.86525,74.775757,1.8737608183500782,2016.706,44.6,3.8,900,2016-09-01,46.165,25,118.6525,4.734776344086021,117128.59139784946,0.024659139784946237,509.50948387096776,0.7135560868519367,-0.23650477292466066
2016,10,11.95187,126.479507,2.1020201641063405,2016.791,33.4,3.1,782,2016-10-01,44.17666666666666,25,119.5187,4.969601866251944,108316.30482115086,0.024860808709175737,489.62494556765165,0.4716571004712278,-0.24303139124247652
2016,11,12.6187085,294.079903,2.417703977804613,2016.873,21.4,2.6,689,2016-11-01,42.45333333333333,25,126.187085,6.101796460176992,85362.59115044249,0.02380641592920354,450.21194690265486,-0.10602476717146435,-0.3543555390603938
2016,12,11.226393,72.53315,1.8605365385938561,2016.958,18.5,2.4,623,2016-12-01,40.74333333333333,25,112.26393,5.558690661478599,108268.12645914397,0.025188715953307392,492.090953307393,0.4407874272828725,-0.26699563424537864
2017,1,11.678046,73.350121,1.8654008346017823,2017.042,26.1,2.5,830,2017-01-01,39.048333333333325,25,116.78046,5.058331932773109,104970.63025210085,0.03027857142857143,531.5421848739495,0.7022070032624405,0.038144275424307456
2017,2,9.381207,77.899651,1.891535511984327,2017.122,26.4,3.7,542,2017-02-01,37.39333333333333,25,93.81207,4.162564971751412,93630.40677966102,0.03347401129943503,487.51468926553673,0.3435283807350632,0.2254275293127501
2017,3,8.56158,67.633942,1.8301647007323902,2017.204,17.7,2.6,1011,2017-03-01,35.62,25,85.6158,4.885168,117874.9632,0.035179680000000005,519.26032,0.7316328180083679,0.2264750172752662
2017,4,9.430581,69.99424,1.8450623023122317,2017.286,32.3,3.7,920,2017-04-01,33.471666666666664,25,94.30581000000001,5.72446468401487,98758.51598513011,0.023666171003717474,485.17368029739777,0.2956309781418566,-0.33114380717003405
2017,5,10.942949,76.003815,1.8808353921737586,2017.371,18.9,1.8,1101,2017-05-01,31.978333333333335,25,109.42949,7.133061904761905,63698.80809523809,0.02250214285714286,420.9919761904762,-0.5912854656907556,-0.462917148052544
2017,6,10.757766,77.566917,1.8896765301769927,2017.453,19.2,1.4,1136,2017-06-01,30.259999999999998,25,107.57766000000001,5.523590038314176,75297.6877394636,0.023225287356321837,421.70764367816093,-0.35285634341664157,-0.344434443621407
2017,7,11.186209,90.363647,1.9559937503582547,2017.538,17.8,2.6,1093,2017-07-01,28.40333333333333,25,111.86209,5.596857638888888,79626.3125,0.021738194444444445,459.04263888888886,-0.05039172512573921,-0.38952890572508964
2017,8,7.9997275000000005,69.477541,1.833010542711842,2017.623,32.6,2.9,1002,2017-08-01,26.956666666666663,25,79.997275,6.197262987012987,89915.56558441558,0.03156168831168831,468.63691558441565,0.025017134502992595,-0.010289175573135937
2017,9,11.467475,80.278702,1.9046003419071926,2017.705,43.7,4.1,973,2017-09-01,25.848333333333336,25,114.67475,5.138466115702479,120140.30578512397,0.03104495867768595,508.21647933884293,0.6739976268342034,0.010182657760885805
2017,10,11.339262,70.062866,1.8454878986472047,2017.79,13.2,1.0,1125,2017-10-01,24.965,25,113.39262,5.982575806451613,90134.76451612903,0.033834677419354836,448.7097258064517,-0.1049644857569201,0.08579350972928075
2017,11,10.815055,66.322906,1.8216635469770006,2017.873,5.7,0.5,997,2017-11-01,23.796666666666667,25,108.15055,6.212350840336135,80178.25252100841,0.03309033613445378,439.31779411764705,-0.2800184784462794,0.05030075863574247
2017,12,10.994791,51.887009,1.7150586367339709,2017.958,8.2,1.2,714,2017-12-01,22.319999999999997,25,109.94791,5.851903162055336,85003.16600790514,0.028471146245059288,435.252233201581,-0.21436271778793356,-0.14389297042872967
2018,1,10.87613,44.214401,1.6455637457334469,2018.042,6.8,1.5,701,2018-01-01,21.308333333333334,25,108.7613,6.183145631067961,50970.2427184466,0.025400970873786406,399.37912621359226,-0.8011499487016404,-0.2605262576010121
2018,2,10.787686,44.401707,1.6473996666558406,2018.122,10.7,1.1,917,2018-02-01,20.313333333333333,25,107.87686000000001,6.406763754045308,89633.53074433657,0.02515631067961165,439.00899676375406,-0.17337025996830296,-0.33605603578414445
2018,3,11.127258,38.412281,1.5844700972276584,2018.204,2.5,0.4,1081,2018-03-01,19.365000000000002,25,111.27257999999999,6.978818042813455,66837.61009174312,0.020393577981651378,413.5651681957186,-0.592114172933454,-0.5596907534375266
2018,4,6.48442,22.575647,1.353640205696653,2018.286,8.9,1.3,996,2018-04-01,18.064999999999998,25,64.8442,6.270259036144578,70608.31626506025,0.022559036144578316,413.3943674698795,-0.5111906805310712,-0.4232058173767282
2018,5,6.3049435,25.837916,1.407858947115268,2018.371,13.1,1.6,1234,2018-05-01,17.24833333333333,25,63.049435,9.152548387096774,62005.645161290326,0.0127,433.2693548387097,-0.6379016540631877,-1.0217754958952199
2018,6,4.496279,20.666382,1.3152644526811412,2018.453,15.6,1.6,1070,2018-06-01,16.78666666666667,25,44.962790000000005,4.604051948051948,84359.83982683983,0.020483982683982684,486.2087445887446,0.26756303219223,-0.36082036353101554
2018,7,7.7657,44.034302,1.6437911166108596,2018.538,1.6,0.6,1438,2018-07-01,16.205000000000002,25,77.657,6.581638888888889,27591.904166666667,0.017676388888888887,381.8204166666667,-1.1440121732370043,-0.5944187026769528
2018,8,6.356173,44.298832,1.6463922755990954,2018.623,8.7,1.0,1297,2018-08-01,15.428333333333335,25,63.56173,5.894337455830389,74451.5519434629,0.027241342756183746,437.37427561837455,-0.29790171047310915,-0.1755524521859314
2018,9,5.886355,43.529739,1.6387860631785425,2018.705,3.3,0.6,1223,2018-09-01,14.625,25,58.863550000000004,6.678320950965825,75376.57503714711,0.02772109955423477,435.0550965824666,-0.36887060636390834,-0.21308519866321457
2018,10,7.289144,42.858902,1.6320410406803936,2018.79,4.9,1.2,1097,2018-10-01,14.01,25,72.89144,6.35212,73508.91111111111,0.02398622222222222,436.5940444444445,-0.3342109592019011,-0.3501194468328643
2018,11,7.155839,43.2113,1.6355973321370512,2018.873,4.9,0.6,771,2018-11-01,13.786666666666667,25,71.55839,6.269354632587859,61258.23322683706,0.014132587859424919,411.5349201277955,-0.5767175809201205,-0.7769945288270156
2018,12,5.963278,30.623013,1.4860479187234026,2018.958,3.1,0.5,786,2018-12-01,13.281666666666668,25,59.63278,5.479316804407714,87008.04407713498,0.011039669421487602,450.2840220385675,0.01392607465956342,-0.8799989661875675
2019,1,6.3432495,27.942568,1.4458582616398008,2019.042,7.7,0.8,841,2019-01-01,13.356666666666667,25,63.432494999999996,6.320393258426966,76931.2808988764,0.009280898876404493,447.3532584269663,-0.16075369823924499,-0.9964659245175201
2019,2,4.851565,18.819189,1.2746009038726462,2019.122,0.8,0.1,1042,2019-02-01,13.388333333333332,25,48.51565,5.843222826086957,74330.67391304347,0.010658423913043478,413.4360597826087,-0.390768159407341,-0.9287802018971532
2019,3,5.946372,28.043835,1.4478374032123407,2019.204,9.4,1.0,995,2019-03-01,12.918333333333333,25,59.46372,6.4700297029702964,68041.91089108911,0.012983960396039603,410.8411683168317,-0.5278632407632342,-0.8577097464883455
2019,4,6.036707,36.600792,1.5634904831405356,2019.286,9.1,0.7,1039,2019-04-01,13.03,25,60.36707,4.4510494505494504,77964.81868131868,0.010144505494505495,426.3892307692308,-0.1543492779365792,-0.8506086099053319
2019,5,7.013547,48.377033,1.6846392292337788,2019.371,9.9,0.7,1159,2019-05-01,13.096666666666666,25,70.13547,4.4956645161290325,62979.75032258065,0.01770258064516129,433.58187096774196,-0.28264645273658623,-0.47852017078150866
2019,6,5.305933,38.474644,1.585174610061649,2019.453,1.2,0.7,1273,2019-06-01,13.32,25,53.059329999999996,5.794507042253521,49868.55868544601,0.0186112676056338,374.9355399061033,-0.9225545191753519,-0.5549578746905883
2019,7,5.062724,35.512505,1.5503813078776942,2019.538,0.9,0.2,1214,2019-07-01,14.136666666666667,25,50.62724,5.466505154639175,64474.845360824744,0.021613402061855667,388.8205154639175,-0.6739389646886378,-0.41884163975106303
2019,8,4.536792,30.224831,1.4803638812127884,2019.623,0.5,0.1,1344,2019-08-01,14.623333333333333,25,45.36792,5.0768801369863015,82680.1506849315,0.029435958904109587,443.55337328767126,-0.1218446444138896,-0.03417936920161808
2019,9,4.954277,28.303556,1.4518410028090623,2019.705,1.1,0.3,1225,2019-09-01,15.198333333333332,25,49.542770000000004,4.214800438596491,101062.71052631579,0.029249561403508772,472.79765350877193,0.32553423529804393,0.004020777857660874
2019,10,4.6903675,24.739272999999997,1.3932905345120212,2019.79,0.4,0.1,1065,2019-10-01,16.21333333333333,25,46.903675,7.8787894736842095,72015.6969924812,0.016518045112781952,430.5417293233083,-0.47828098479296866,-0.7893002167504758
2019,11,4.246342,23.059832,1.3628561389630716,2019.873,0.5,0.1,832,2019-11-01,17.075,25,42.46342,6.208643835616439,57643.55479452055,0.014682191780821916,397.915502283105,-0.7037720173547759,-0.75329101960239
2019,12,5.353776,18.432549,1.2655853970794806,2019.958,1.5,0.5,855,2019-12-01,18.368333333333332,25,53.53776,6.165870786516854,45842.6095505618,0.008942977528089887,373.86716292134827,-0.9557982294254226,-1.0008188000979086
2020,1,3.428774,11.556097,1.0628111785847538,2020.042,6.2,0.7,795,2020-01-01,19.219999999999995,25,34.28774,7.040810526315789,76748.32631578947,0.00965263157894737,397.5085263157894,-0.5686057857615748,-1.0771550724511298
2020,2,3.657709,10.833638,1.0347743197845936,2020.124,0.2,0.1,967,2020-02-01,20.446666666666665,25,36.57709,6.3317758064516125,65037.02258064516,0.02371064516129032,406.90482258064515,-0.6192514560886524,-0.37015019116978504
2020,3,2.546789,10.992606,1.0411006621464745,2020.206,1.5,0.1,1055,2020-03-01,21.146666666666665,25,25.46789,6.182770053475936,60609.02852049911,0.02185971479500891,403.75743315508026,-0.6636650923765547,-0.43479304633792876
2020,4,2.706351,11.26269,1.0516421305358912,2020.288,5.2,0.6,1234,2020-04-01,22.01833333333333,25,27.06351,5.175941176470588,83849.68235294118,0.018371764705882355,401.0592941176471,-0.3675336664561032,-0.5740716232465065
2020,6,5.226094,18.167728,1.2593006191760472,2020.455,5.8,0.6,1196,2020-06-01,24.636666666666663,25,52.26094,3.299967741935484,67308.06451612903,0.014261290322580646,404.3190322580645,-0.3371706466163728,-0.5854025360596734
2020,7,3.946189,17.796971,1.2328955463656117,2020.54,6.1,3.7,1548,2020-07-01,26.38,25,39.46189,7.163724137931035,37907.40804597701,0.017395402298850577,361.426091954023,-1.2327777909048794,-0.6899348451758546
2020,8,4.270471,17.267029,1.23721761840682,2020.624,7.5,4.1,1587,2020-08-01,28.66,25,42.70471,6.832480427046263,61349.10676156584,0.018213879003558718,398.94480427046267,-0.7255033889201264,-0.6476232932247412
2020,9,4.37659,20.423969,1.3101401426139008,2020.706,0.6,2.2,1244,2020-09-01,30.33,25,43.7659,5.245295774647887,74312.54366197182,0.03077718309859155,427.0254084507042,-0.33577805937670513,0.016564109008630343
2020,10,5.582335,21.2841,1.3280552907218715,2020.791,14.6,7.4,1215,2020-10-01,32.33166666666667,25,55.82335,4.432787234042554,59643.20212765958,0.029647872340425534,433.26212765957445,-0.3630988383436258,0.06194863609550261
2020,11,7.495562,30.681854,1.486881599007118,2020.873,34.5,8.1,1238,2020-11-01,33.79,25,74.95562,4.933807106598985,64963.710659898476,0.020624873096446703,409.7317766497462,-0.4772500472232143,-0.40676392202227657
2020,12,12.278638,154.885483,2.190010714412249,2020.958,23.1,6.0,998,2020-12-01,,25,122.78638000000001,5.256691244239631,73235.39124423964,0.021399078341013827,415.8383410138249,-0.38463840547827194,-0.40770077257859155
2021,1,7.05414,85.896988,1.9339779354504092,2021.042,10.4,5.9,1036,2021-01-01,,25,70.54140000000001,5.910530791788856,84071.20821114369,0.03343401759530792,420.6284164222874,-0.3512872946663975,0.059935697777418605
2021,2,7.840087,73.069359,1.8637352975192427,2021.122,8.2,4.3,1122,2021-02-01,,25,78.40087,7.803859205776173,82017.1202166065,0.03463971119133574,431.13927797833935,-0.4511648496275818,-0.003631367594454121
2021,3,8.648194,39.865587500000004,1.6004856718700426,2021.204,17.2,6.2,1322,2021-03-01,,25,86.48194000000001,6.61867941712204,95288.83897996358,0.02988706739526412,457.6237704918033,-0.026636522488242064,-0.13629675417576323
2021,4,8.22983,26.167362,1.4177599424874068,2021.286,24.5,6.9,1441,2021-04-01,,25,82.2983,4.586758620689655,75261.31034482758,0.017706896551724135,432.8531034482759,-0.17813219780973205,-0.5129631993156853
2021,5,6.81547,30.794901,1.4884788122508283,2021.371,21.2,5.5,1411,2021-05-01,,25,68.1547,6.168666666666667,40914.944444444445,0.02478611111111111,407.57722222222225,-0.8357326211598992,-0.2563289136412948
