year,month,SD_70,SL_70,SL_70_log10,fyear_CS,monthly_sunspots,std,observations,date,smoothed_sunspots,cycle,SD_70*10
1976,6,4.432569,26.940952,1.430412938121999,1976.456,17.9,2.9,30,1976-06-01,49.75333333333334,21,44.32569
1976,7,4.316492,20.119915,1.3036261416369246,1976.54,2.9,1.2,31,1976-07-01,52.09666666666667,21,43.16492
1976,8,5.729208,22.427943499999998,1.3506813288389607,1976.624,24.1,3.3,31,1976-08-01,55.37166666666666,21,57.29208
1976,9,4.522666,24.674475,1.3922479209352463,1976.708,20.0,3.0,30,1976-09-01,57.995000000000005,21,45.22666
1976,10,4.935369,30.268057,1.4809845431481183,1976.791,29.7,3.7,31,1976-10-01,60.735,21,49.35369
1976,11,4.084423,24.41054,1.3875773868086774,1976.874,7.9,1.9,30,1976-11-01,62.17166666666667,21,40.84423
1976,12,5.325225,30.787935,1.4883805609986827,1976.958,22.3,3.2,31,1976-12-01,64.405,21,53.25225
1977,1,5.39284,26.913641,1.4299724550749153,1977.042,23.8,3.3,31,1977-01-01,67.075,21,53.928399999999996
1977,2,5.134246,35.899826,1.5550923436361748,1977.123,33.3,3.9,28,1977-02-01,69.51833333333335,21,51.34246
1977,3,4.76565,26.424805,1.4220117911455399,1977.204,13.0,2.5,31,1977-03-01,72.07666666666667,21,47.6565
1977,4,7.220751,45.568157,1.6586614639364958,1977.288,19.0,3.0,30,1977-04-01,75.57166666666666,21,72.20751
1977,5,10.474367,57.74412149999999,1.75864528212426,1977.371,27.0,3.5,31,1977-05-01,78.845,21,104.74367000000001
1977,6,11.223752,43.868881,1.6421565566360077,1977.455,54.9,5.0,30,1977-06-01,82.57166666666667,21,112.23751999999999
1977,7,7.984216,56.507904,1.7521091986779016,1977.538,30.6,3.7,31,1977-07-01,86.23833333333333,21,79.84216
1977,8,6.32383,39.379673,1.595272105532795,1977.623,43.0,4.4,31,1977-08-01,89.55166666666666,21,63.2383
1977,9,7.526429,33.322243,1.5227342271206117,1977.707,62.4,5.3,30,1977-09-01,92.93,21,75.26429
1977,10,7.550559,47.992271,1.6811713012854643,1977.79,62.1,5.3,31,1977-10-01,95.62666666666668,21,75.50559
1977,11,8.85938,77.486664,1.8892269638020183,1977.874,41.6,4.3,30,1977-11-01,99.36833333333334,21,88.5938
1977,12,12.858051,128.411942,2.1086054139472945,1977.958,61.4,5.2,31,1977-12-01,103.395,21,128.58051
1978,1,14.7993895,182.065174,2.1921820159453316,1978.042,73.7,5.7,31,1978-01-01,106.82833333333333,21,147.993895
1978,2,16.533873,1213.865967,3.0841707353340597,1978.123,132.6,7.7,28,1978-02-01,109.36999999999999,21,165.33873
1978,3,15.545433,564.752625,2.7518582582207594,1978.204,108.4,6.9,31,1978-03-01,111.61999999999999,21,155.45433
1978,4,15.019421,518.014893,2.7143422459512965,1978.288,141.2,7.9,30,1978-04-01,114.94166666666665,21,150.19421
1978,5,15.659678,258.705536,2.412805722216843,1978.371,117.1,7.2,31,1978-05-01,118.60333333333332,21,156.59678
1978,6,12.990877,271.275116,2.433409957862099,1978.455,134.6,7.8,30,1978-06-01,121.62999999999998,21,129.90877
1978,7,14.767222,234.547928,2.370231600735997,1978.538,99.7,6.7,31,1978-07-01,125.55166666666668,21,147.67222
1978,8,14.035118,517.468018,2.713883513480968,1978.623,82.4,6.0,31,1978-08-01,127.96333333333332,21,140.35118
1978,9,15.893717,481.536835,2.682629513943157,1978.707,195.7,9.3,30,1978-09-01,131.02166666666668,21,158.93717
1978,10,19.535631,396.6622085,2.562109245950597,1978.79,177.1,8.9,31,1978-10-01,133.77333333333334,21,195.35630999999998
1978,11,20.371584,321.062897,2.5065901200816194,1978.874,138.5,7.9,30,1978-11-01,137.07333333333332,21,203.71584
1978,12,21.13299,580.035034,2.763454225654965,1978.958,173.9,8.8,31,1978-12-01,140.015,21,211.3299
1979,1,20.759445,506.678589,2.7047325524540438,1979.042,235.9,10.3,31,1979-01-01,141.90999999999997,21,207.59445
1979,2,21.882833,1007.738647,3.0033479141701385,1979.123,194.7,9.3,28,1979-02-01,145.28333333333333,21,218.82833000000002
1979,3,22.552633,2792.246338,3.445953730038086,1979.204,195.3,9.3,31,1979-03-01,148.92333333333332,21,225.52633
1979,4,19.652382,1211.5,3.083323418473525,1979.288,143.7,8.0,30,1979-04-01,152.6783333333333,21,196.52382
1979,5,,,,1979.371,190.3,9.2,31,1979-05-01,155.7866666666667,21,
1979,6,19.940844,1194.637939,3.0772363028409164,1979.455,211.7,9.7,30,1979-06-01,158.755,21,199.40843999999998
1979,7,19.572168,462.795441,2.665389072063862,1979.538,225.7,10.0,31,1979-07-01,161.64,21,195.72168000000002
1979,8,20.999605,652.765686,2.8147573167437634,1979.623,201.4,9.5,31,1979-08-01,163.73999999999998,21,209.99605
1979,9,17.73477,520.742126,2.716622711820736,1979.707,266.9,10.9,30,1979-09-01,167.03333333333333,21,177.3477
1979,10,,,,1979.79,263.6,10.9,31,1979-10-01,170.50166666666664,21,
1979,11,19.422478,456.891846,2.659813407412665,1979.874,259.5,10.8,30,1979-11-01,173.02333333333334,21,194.22478
1979,12,,,,1979.958,249.6,10.6,31,1979-12-01,174.56166666666664,21,
1980,1,20.678894,1091.813721,3.038148547853385,1980.042,226.1,10.1,31,1980-01-01,176.375,21,206.78894
1980,2,20.899912,380.088837,2.5798851148004394,1980.124,219.4,9.9,29,1980-02-01,178.18833333333333,21,208.99912
1980,3,19.9132365,424.3793185,2.618335711922838,1980.206,178.7,8.9,31,1980-03-01,180.17,21,199.132365
1980,4,19.851324,681.145447,2.833239857999319,1980.29,232.2,10.2,30,1980-04-01,181.92,21,198.51324000000002
1980,5,15.774866,391.412384,2.5926345622974045,1980.373,254.7,10.7,31,1980-05-01,183.12333333333333,21,157.74866
1980,6,15.634408,485.542938,2.6862276418895488,1980.456,222.7,10.0,30,1980-06-01,184.55499999999998,21,156.34408000000002
1980,7,18.193754,313.324768,2.4959947267698865,1980.54,192.9,9.3,31,1980-07-01,186.34833333333333,21,181.93753999999998
1980,8,22.524572,1655.807373,3.2190098120931534,1980.624,191.7,9.3,31,1980-08-01,187.04500000000002,21,225.24572
1980,9,21.653028,169.201859,2.228405130269238,1980.708,219.6,9.9,30,1980-09-01,186.05333333333334,21,216.53028
1980,10,21.960032,302.673676,2.4809746513329434,1980.791,233.3,10.2,31,1980-10-01,185.725,21,219.60032
1980,11,22.209471,362.770355,2.559631790003411,1980.874,209.5,9.7,30,1980-11-01,185.19833333333332,21,222.09471000000002
1980,12,19.781621,414.0726775,2.616408759575352,1980.958,246.9,10.5,31,1980-12-01,185.45499999999998,21,197.81621
1981,1,20.009441,762.574707,2.882282396541511,1981.042,156.6,9.5,271,1981-01-01,185.40333333333334,22,200.09440999999998
1981,2,20.138697,513.705139,2.7107139103382734,1981.123,189.9,12.4,229,1981-02-01,185.55666666666667,22,201.38697000000002
1981,3,18.887161,559.267761,2.747619785136679,1981.204,196.6,11.6,244,1981-03-01,185.78333333333333,22,188.87160999999998
1981,4,21.028049,218.273972,2.339001951509836,1981.288,225.3,14.9,254,1981-04-01,183.68666666666664,22,210.28049
1981,5,21.470739,306.513855,2.486450110221649,1981.371,194.7,13.4,268,1981-05-01,181.9433333333333,22,214.70738999999998
1981,6,20.654095,695.461121,2.842272856244499,1981.455,131.6,9.5,227,1981-06-01,180.39666666666665,22,206.54095
1981,7,20.451551,157.791595,2.198083866158975,1981.538,205.3,13.0,268,1981-07-01,178.25833333333333,22,204.51550999999998
1981,8,,,,1981.623,242.5,13.9,276,1981-08-01,175.57333333333332,22,
1981,9,16.4158125,871.4312745,2.933657122836642,1981.707,245.3,18.5,255,1981-09-01,174.165,22,164.158125
1981,10,14.404058,267.81955,2.427842275989004,1981.79,216.2,12.1,243,1981-10-01,172.855,22,144.04057999999998
1981,11,13.724747,698.875854,2.844400035958571,1981.874,186.0,14.2,248,1981-11-01,171.96666666666667,22,137.24747000000002
1981,12,14.685529,268.324554,2.4286604161634977,1981.958,195.4,11.9,266,1981-12-01,170.41,22,146.85529
1982,1,17.467371,120.639297,2.0814887977737895,1982.042,149.8,10.2,287,1982-01-01,167.96666666666667,22,174.67371
1982,2,14.715047,343.323334,2.5357033212907654,1982.123,230.9,13.6,256,1982-02-01,165.13333333333333,22,147.15047
1982,3,12.232615,105.406998,2.0228694447654814,1982.204,221.1,11.4,263,1982-03-01,162.36,22,122.32614999999998
1982,4,,,,1982.288,170.3,8.3,284,1982-04-01,158.28833333333333,22,
1982,5,17.402537,135.874092,2.1227777407105277,1982.371,119.3,8.5,318,1982-05-01,154.10500000000002,22,174.02536999999998
1982,6,18.499407,174.174377,2.240984265792247,1982.455,163.7,11.2,313,1982-06-01,150.2216666666667,22,184.99407000000002
1982,7,18.271723,142.901138,2.1550356873294763,1982.538,139.4,14.0,292,1982-07-01,146.41833333333335,22,182.71723000000003
1982,8,18.785872,183.521805,2.263687672013627,1982.623,161.9,11.8,301,1982-08-01,142.94666666666666,22,187.85872
1982,9,17.940973,178.169769,2.250834016927198,1982.707,167.4,9.7,308,1982-09-01,139.63500000000002,22,179.40973
1982,10,16.16749,266.95636,2.426440272000454,1982.79,134.3,10.4,308,1982-10-01,136.93833333333333,22,161.6749
1982,11,13.928905,237.652573,2.3759425206448856,1982.874,127.5,18.6,244,1982-11-01,133.40833333333333,22,139.28905
1982,12,12.987029,503.269806,2.7018008753982463,1982.958,169.0,15.4,262,1982-12-01,129.70333333333332,22,129.87029
1983,1,13.99993,482.001801,2.6830486609834567,1983.042,115.5,8.7,267,1983-01-01,126.46333333333334,22,139.9993
1983,2,13.874597999999999,1441.1278075,3.1535747683150284,1983.123,73.1,6.3,261,1983-02-01,123.91333333333334,22,138.74597999999997
1983,3,12.403881,3615.81958,3.558206752177978,1983.204,88.7,7.1,259,1983-03-01,120.88666666666667,22,124.03881
1983,4,14.183722,324.898315,2.511747458996261,1983.288,109.6,9.7,282,1983-04-01,117.29833333333335,22,141.83722
1983,5,15.14862,338.304047,2.5293071931153692,1983.371,132.5,9.4,330,1983-05-01,113.77666666666667,22,151.4862
1983,6,12.840141,216.402069,2.3352614087034205,1983.455,131.5,8.2,361,1983-06-01,110.58333333333333,22,128.40141
1983,7,13.910771,170.863678,2.2326497507212677,1983.538,108.9,7.3,431,1983-07-01,106.73166666666665,22,139.10771
1983,8,12.459607,188.28894,2.274824810520973,1983.623,96.0,8.4,429,1983-08-01,104.16833333333334,22,124.59607
1983,9,12.050885,172.417938,2.236582446924629,1983.707,69.9,5.5,397,1983-09-01,101.46833333333332,22,120.50885
1983,10,10.7597955,158.9895935,2.2000322217972004,1983.79,72.5,7.0,431,1983-10-01,98.42166666666667,22,107.59795499999998
1983,11,10.376638,129.186874,2.1112183895184993,1983.874,45.7,7.3,363,1983-11-01,95.04,22,103.76638
1983,12,9.504344,110.041573,2.041556789826855,1983.958,45.6,5.5,405,1983-12-01,92.06333333333333,22,95.04344
1984,1,9.688582,88.3321,1.9461185554405376,1984.042,74.8,6.5,399,1984-01-01,89.88000000000001,22,96.88582
1984,2,11.291304,89.575401,1.952188761037952,1984.124,110.2,8.1,377,1984-02-01,86.75999999999999,22,112.91304
1984,3,13.074425,96.078308,1.982625346260652,1984.206,116.7,8.7,395,1984-03-01,82.88333333333334,22,130.74425
1984,4,14.153729,93.36013,1.970161447774282,1984.29,90.4,7.6,407,1984-04-01,78.88000000000001,22,141.53729
1984,5,11.229544,98.539833,1.9936118219206242,1984.373,96.9,7.0,462,1984-05-01,75.945,22,112.29544000000001
1984,6,11.417434,122.156792,2.0869176190467957,1984.456,65.1,5.4,438,1984-06-01,73.10166666666666,22,114.17434
1984,7,11.232334,288.390686,2.3414632640562365,1984.54,55.7,5.1,468,1984-07-01,69.94166666666666,22,112.32334
1984,8,11.223318,83.293747,1.920612399422073,1984.624,35.0,3.4,509,1984-08-01,67.60833333333333,22,112.23318
1984,9,10.424532,68.852089,1.8379171214616357,1984.708,22.6,3.9,429,1984-09-01,63.81666666666667,22,104.24531999999999
1984,10,10.17113,55.158478,1.7416122740861022,1984.791,12.6,3.8,428,1984-10-01,60.42166666666667,22,101.7113
1984,11,9.309148,48.557251,1.6862540917960953,1984.874,26.5,4.7,394,1984-11-01,58.35,22,93.09148
1984,12,8.221664,38.945019,1.5904519200536527,1984.958,21.4,3.9,397,1984-12-01,57.013333333333335,22,82.21664000000001
1985,1,7.706739,31.312294,1.4957148860470078,1985.042,17.8,3.9,425,1985-01-01,54.598333333333336,22,77.06739
1985,2,5.822703,24.826246,1.3949110544421364,1985.123,20.7,3.8,412,1985-02-01,52.91166666666667,22,58.22703
1985,3,5.623748,21.461899,1.3316681467414528,1985.204,16.9,3.9,389,1985-03-01,51.01166666666667,22,56.23748
1985,4,4.8643585,22.687675499999997,1.3544447267645223,1985.288,20.4,3.7,468,1985-04-01,48.925,22,48.643585
1985,5,4.249063,20.688408,1.3157270724242434,1985.371,32.4,3.7,457,1985-05-01,47.74333333333334,22,42.490629999999996
1985,6,4.840775,28.107452,1.4488214776780424,1985.455,28.3,3.9,465,1985-06-01,46.431666666666665,22,48.40775
1985,7,4.149209,19.858828,1.2979536143430477,1985.538,39.9,3.8,540,1985-07-01,44.10000000000001,22,41.49209
1985,8,5.968637,29.252201,1.4661585489205045,1985.623,10.1,3.5,546,1985-08-01,43.35,22,59.686370000000004
1985,9,4.972054,19.620258,1.2927047139124124,1985.707,4.3,2.4,511,1985-09-01,42.88833333333333,22,49.72054
1985,10,4.541074,17.223387,1.2361185600542295,1985.79,22.0,4.2,486,1985-10-01,42.93,22,45.410740000000004
1985,11,5.562862,38.245129,1.5825761301267562,1985.874,17.9,2.6,422,1985-11-01,42.916666666666664,22,55.62862
1985,12,5.015508,39.762993,1.5962864541533204,1985.958,15.8,4.6,422,1985-12-01,41.94500000000001,22,50.15508
1986,1,5.510725,57.472332,1.7594588194441956,1986.042,2.8,2.8,460,1986-01-01,41.825,22,55.10725
1986,2,6.889094,30.413593,1.4830677298415154,1986.123,27.9,3.6,420,1986-02-01,42.2,22,68.89094
1986,3,6.889094,30.413593,1.4830677298415154,1986.204,13.8,3.8,433,1986-03-01,42.92333333333333,22,68.89094
1986,4,4.292306,22.9499,1.3607807975184736,1986.288,22.4,4.1,449,1986-04-01,44.13666666666666,22,42.92306
1986,5,4.463575,21.671064,1.3358802347155168,1986.371,16.1,3.6,530,1986-05-01,45.53666666666666,22,44.635749999999994
1986,6,3.901336,19.995773,1.3009381978241525,1986.455,0.6,2.1,494,1986-06-01,47.388333333333335,22,39.01336
1986,7,3.476729,15.679855,1.1953420422137866,1986.538,18.1,3.9,510,1986-07-01,50.48166666666667,22,34.76729
1986,8,3.599411,16.461203,1.2164615706800463,1986.623,9.9,2.3,567,1986-08-01,52.736666666666665,22,35.99411
1986,9,3.5301584999999998,14.132379499999999,1.1500458608222162,1986.707,5.1,3.0,505,1986-09-01,54.37833333333334,22,35.301584999999996
1986,10,7.037785,22.868561,1.3592388375660196,1986.79,40.1,4.4,507,1986-10-01,55.27333333333333,22,70.37785000000001
1986,11,4.033373,11.738246,1.0696032068407892,1986.874,15.4,4.3,515,1986-11-01,56.53833333333333,22,40.33373
1986,12,3.781752,12.480378,1.0962277392589117,1986.958,5.8,2.8,544,1986-12-01,58.17999999999999,22,37.81752
1987,1,2.845191,8.266644,0.9173292352974709,1987.042,9.8,2.7,487,1987-01-01,61.836666666666666,22,28.451909999999998
1987,2,2.946713,8.177504,0.9126207652308319,1987.123,3.4,2.6,429,1987-02-01,63.916666666666664,22,29.467129999999997
1987,3,2.681339,10.060499,1.0026195222280505,1987.204,17.4,3.0,501,1987-03-01,67.2,22,26.81339
1987,4,2.447201,16.272379,1.211451050849798,1987.288,46.0,4.4,581,1987-04-01,70.575,22,24.47201
1987,5,2.84432,14.509216,1.1616439461336225,1987.371,39.1,3.5,566,1987-05-01,73.90166666666666,22,28.4432
1987,6,7.637821000000001,40.547972,1.601355077283386,1987.455,18.8,3.5,586,1987-06-01,77.43,22,76.37821000000001
1987,7,5.934569,43.29789,1.6364667327578784,1987.538,38.2,4.3,645,1987-07-01,80.59666666666666,22,59.34569
1987,8,7.774165,52.866249,1.723178497157664,1987.623,47.9,3.3,619,1987-08-01,84.08999999999999,22,77.74164999999999
1987,9,12.966183,39.74139,1.599243052979451,1987.707,42.2,3.5,609,1987-09-01,86.60833333333333,22,129.66182999999998
1987,10,6.379752,23.119341,1.363975450676584,1987.79,63.4,4.8,501,1987-10-01,89.52166666666666,22,63.79752
1987,11,8.225894,48.176792,1.6828378777901218,1987.874,48.8,5.1,417,1987-11-01,92.34333333333333,22,82.25894
1987,12,6.366512,36.211712,1.5588490576691805,1987.958,29.1,3.2,455,1987-12-01,94.72333333333334,22,63.66512
1988,1,8.04463,45.86763,1.661506300530647,1988.042,70.5,5.5,484,1988-01-01,96.80666666666667,22,80.4463
1988,2,9.8481415,69.981121,1.831571186336927,1988.124,45.4,4.6,525,1988-02-01,99.32666666666665,22,98.481415
1988,3,13.425359,100.080284,2.000348529094015,1988.206,91.2,5.7,516,1988-03-01,103.36,22,134.25359
1988,4,9.89832,57.545692,1.7600128169204987,1988.29,108.8,6.7,562,1988-04-01,106.10666666666665,22,98.9832
1988,5,15.694777,319.10434,2.503932710884936,1988.373,74.2,6.1,582,1988-05-01,109.06333333333333,22,156.94777
1988,6,14.287042,456.051422,2.6590138142253217,1988.456,124.3,8.3,574,1988-06-01,111.74500000000002,22,142.87042
1988,7,12.362549,778.024841,2.8909934634896852,1988.54,131.4,9.6,605,1988-07-01,114.76666666666667,22,123.62549
1988,8,16.752262,210.165878,2.322562206462757,1988.624,139.4,9.0,649,1988-08-01,117.975,22,167.52262000000002
1988,9,17.919046,372.737396,2.5714029668394596,1988.708,142.7,9.4,551,1988-09-01,121.51500000000001,22,179.19046000000003
1988,10,19.380022,455.650757,2.6586320961296495,1988.791,156.5,9.7,530,1988-10-01,124.56833333333334,22,193.80022
1988,11,16.861078,116.152039,2.0650268380594228,1988.874,156.8,8.9,488,1988-11-01,127.48833333333332,22,168.61077999999998
1988,12,17.304764,569.275269,2.7553223171856405,1988.958,231.2,13.5,490,1988-12-01,130.00166666666667,22,173.04764
1989,1,19.007317,224.987427,2.3521582490576303,1989.042,210.1,15.0,536,1989-01-01,133.73666666666665,22,190.07317
1989,2,20.733406,466.218933,2.668589906101047,1989.123,208.7,12.7,489,1989-02-01,137.43833333333336,22,207.33406
1989,3,,,,1989.204,170.4,10.2,573,1989-03-01,141.2866666666667,22,
1989,4,18.411699,711.666138,2.8522763020225024,1989.288,166.3,9.7,534,1989-04-01,144.01666666666668,22,184.11699
1989,5,21.804478,971.358887,2.9873797179069466,1989.371,195.4,10.6,668,1989-05-01,146.63333333333333,22,218.04478
1989,6,18.543665,331.60968,2.5206271995296996,1989.455,284.5,15.5,619,1989-06-01,149.035,22,185.43665000000001
1989,7,20.559351,176.769348,2.2474069600630844,1989.538,180.5,10.2,673,1989-07-01,152.48166666666665,22,205.59350999999998
1989,8,18.636999,634.0647275,2.75811199426212,1989.623,232.0,13.5,639,1989-08-01,155.62333333333333,22,186.36999
1989,9,20.054785,661.968689,2.8208374478745735,1989.707,225.1,14.9,585,1989-09-01,159.4116666666667,22,200.54784999999998
1989,10,,,,1989.79,212.2,11.2,562,1989-10-01,161.63833333333335,22,
1989,11,19.345488,442.36145,2.64577727294909,1989.874,238.2,15.2,550,1989-11-01,163.24166666666667,22,193.45488
1989,12,20.201977,352.790436,2.547516803079041,1989.958,211.4,13.5,504,1989-12-01,164.1616666666667,22,202.01977
1990,1,20.590292,355.548248,2.5508985429515163,1990.042,227.4,13.6,516,1990-01-01,165.48999999999998,22,205.90292000000002
1990,2,22.11002,536.830811,2.7298374338809004,1990.123,171.8,11.3,518,1990-02-01,166.75666666666666,22,221.10019999999997
1990,3,17.435387,371.83432,2.5703494723071514,1990.204,191.7,11.0,592,1990-03-01,167.49000000000004,22,174.35386999999997
1990,4,19.854233,250.554932,2.3989029559481954,1990.288,189.7,10.1,575,1990-04-01,168.35333333333335,22,198.54233
1990,5,19.327385999999997,411.86375400000003,2.5478196285512027,1990.371,175.2,10.0,691,1990-05-01,169.52,22,193.27385999999996
1990,6,20.248987,230.690521,2.36302974986583,1990.455,153.3,9.1,599,1990-06-01,170.86666666666667,22,202.48987
1990,7,17.778704,671.115906,2.82679753207537,1990.538,191.1,9.8,661,1990-07-01,172.41500000000002,22,177.78704000000002
1990,8,22.067654,250.167908,2.3982315968344943,1990.623,252.1,12.8,714,1990-08-01,172.5966666666667,22,220.67654000000002
1990,9,20.264738,1234.981934,3.0916606045418407,1990.707,169.1,9.2,622,1990-09-01,173.96999999999997,22,202.64738
1990,10,19.105623,2240.39624,3.350324835131937,1990.79,199.4,12.6,605,1990-10-01,174.15666666666667,22,191.05623000000003
1990,11,20.897701,700.649475,2.845500800924655,1990.874,178.8,12.3,536,1990-11-01,173.91666666666666,22,208.97701
1990,12,22.094038,962.483337,2.983393219519142,1990.958,197.1,12.6,479,1990-12-01,173.99333333333334,22,220.94038
1991,1,20.731548,2029.687683,3.2525000067182077,1991.042,195.3,14.5,552,1991-01-01,173.08166666666665,22,207.31548
1991,2,18.905869,1317.889038,3.1198788456047493,1991.123,240.3,13.9,493,1991-02-01,172.23166666666665,22,189.05868999999998
1991,3,18.437681,711.108704,2.851935994455253,1991.204,197.0,11.8,546,1991-03-01,170.95,22,184.37681
1991,4,19.33428,611.443237,2.7863561457518435,1991.288,197.6,11.9,590,1991-04-01,169.09166666666667,22,193.3428
1991,5,19.117657,394.292847,2.5958188984614883,1991.371,166.9,9.9,625,1991-05-01,167.66833333333332,22,191.17657000000003
1991,6,18.133585,464.628265,2.667105625955278,1991.455,224.7,12.9,620,1991-06-01,165.85833333333332,22,181.33585
1991,7,20.278814,2229.765381,3.348259168385577,1991.538,240.2,13.7,661,1991-07-01,163.14499999999998,22,202.78814
1991,8,19.526295,882.498108,2.9457137829708624,1991.623,240.8,14.3,707,1991-08-01,161.05833333333334,22,195.26295000000002
1991,9,19.1708355,521.334152,2.712137093817594,1991.707,168.9,11.3,621,1991-09-01,158.495,22,191.70835499999998
1991,10,16.630772,1854.044434,3.268120138227985,1991.79,197.1,13.2,524,1991-10-01,156.4466666666667,22,166.30772000000002
1991,11,16.369961,335.62439,2.525853513710671,1991.874,159.5,10.1,487,1991-11-01,154.13166666666666,22,163.69961
1991,12,15.782411,366.565063,2.5641510703661012,1991.958,212.6,14.1,506,1991-12-01,151.37166666666664,22,157.82411
1992,1,12.119573,1488.398682,3.1727192767752017,1992.042,198.3,12.9,566,1992-01-01,147.29166666666666,23,121.19573000000001
1992,2,10.762553,420.532501,2.6237995660304847,1992.124,230.7,14.5,590,1992-02-01,145.12666666666667,23,107.62553
1992,3,11.711514,176.528442,2.2468146882423485,1992.206,151.0,9.2,537,1992-03-01,141.83166666666665,23,117.11514
1992,4,12.735667,152.108368,2.1821531067305693,1992.29,142.2,9.5,660,1992-04-01,138.755,23,127.35667
1992,5,10.770403,1955.49231,3.291256112422574,1992.373,94.3,7.7,746,1992-05-01,136.33666666666667,23,107.70403
1992,6,9.002608500000001,155.0426025,2.190428682222029,1992.456,98.5,6.6,706,1992-06-01,132.85833333333332,23,90.02608500000001
1992,7,12.668201,214.510895,2.3314493548807356,1992.54,114.2,7.7,761,1992-07-01,129.87166666666667,23,126.68200999999999
1992,8,14.06609,346.626526,2.5398617945424147,1992.624,91.9,6.7,794,1992-08-01,126.625,23,140.6609
1992,9,13.864118,106.100121,2.0257158791850576,1992.708,94.0,5.5,764,1992-09-01,124.525,23,138.64118
1992,10,10.720176,70.061501,1.8454794374212167,1992.791,133.4,8.2,623,1992-10-01,122.10166666666667,23,107.20176000000001
1992,11,11.22193,319.932037,2.5050577311615267,1992.874,129.6,8.2,559,1992-11-01,119.3,23,112.2193
1992,12,13.557034,54.549191,1.7367883141023408,1992.958,122.0,8.4,539,1992-12-01,116.70333333333333,23,135.57034
1993,1,13.422375,63.345974,1.801719018191116,1993.042,81.4,5.9,583,1993-01-01,114.52333333333333,23,134.22375
1993,2,14.67663,128.438461,2.1086950930388744,1993.123,127.8,8.3,551,1993-02-01,111.67833333333333,23,146.7663
1993,3,13.502874,113.036587,2.0476146354700973,1993.204,102.4,6.6,739,1993-03-01,107.78,23,135.02874
1993,4,10.790898,132.911758,2.1235634023772088,1993.288,94.4,6.7,719,1993-04-01,105.22333333333334,23,107.90898
1993,5,10.583772,283.563019,2.452649591491749,1993.371,78.8,5.7,752,1993-05-01,102.41,23,105.83771999999999
1993,6,11.539223,251.383575,2.4003368981713433,1993.455,69.6,5.4,706,1993-06-01,99.66333333333333,23,115.39223
1993,7,11.789508,168.055603,2.225452996492598,1993.538,80.4,5.4,699,1993-07-01,96.62666666666668,23,117.89508
1993,8,11.886896,247.325333,2.3932686024859886,1993.623,62.5,5.0,809,1993-08-01,93.59333333333333,23,118.86896
1993,9,11.430257,117.961655,2.07174085706665,1993.707,31.2,4.5,709,1993-09-01,89.71666666666667,23,114.30256999999999
1993,10,9.687871,49.445011,1.6941224778446993,1993.79,71.1,5.5,630,1993-10-01,86.64333333333333,23,96.87871
1993,11,8.959963,81.604416,1.9117123870981279,1993.874,48.2,4.4,551,1993-11-01,83.46333333333334,23,89.59963
1993,12,11.448224,339.820648,2.5312497637031957,1993.958,68.4,5.9,562,1993-12-01,80.80833333333334,23,114.48223999999999
1994,1,12.185028,121.514175,2.084626942668501,1994.042,84.9,6.6,582,1994-01-01,77.33833333333334,23,121.85028000000001
1994,2,12.371922,105.822403,2.0245776192050235,1994.123,54.9,4.8,539,1994-02-01,73.53166666666668,23,123.71921999999999
1994,3,11.583866,104.56868,2.019401625831503,1994.204,47.5,4.1,728,1994-03-01,69.84666666666666,23,115.83866
1994,4,11.450486,181.67804,2.259302435931097,1994.288,27.4,3.9,763,1994-04-01,67.08166666666666,23,114.50486
1994,5,10.934816,260.239258,2.4153728120054105,1994.371,29.8,4.1,789,1994-05-01,63.80833333333333,23,109.34816
1994,6,9.936998,78.040375,1.8923193476015094,1994.455,39.7,5.0,789,1994-06-01,61.565000000000005,23,99.36998000000001
1994,7,8.30547,35.255478,1.5472266072942995,1994.538,50.6,4.3,865,1994-07-01,58.255,23,83.0547
1994,8,6.890702,31.103403,1.492661443304609,1994.623,34.3,3.2,876,1994-08-01,55.07333333333333,23,68.90702
1994,9,7.738409,42.707001,1.6304990751758082,1994.707,40.5,4.1,735,1994-09-01,51.41166666666666,23,77.38409
1994,10,6.820103,36.708637,1.5647682593509442,1994.79,67.1,4.2,657,1994-10-01,49.09666666666667,23,68.20103
1994,11,6.449736,37.38348,1.5726797270708994,1994.874,29.5,4.7,591,1994-11-01,47.11000000000001,23,64.49736
1994,12,7.355509,49.274082,1.6926185419104218,1994.958,32.2,3.5,610,1994-12-01,45.961666666666666,23,73.55508999999999
1995,1,7.94695,52.10334,1.7168655639343842,1995.042,32.6,5.3,630,1995-01-01,44.666666666666664,23,79.4695
1995,2,7.452687,61.974514,1.7922131297448887,1995.123,45.8,3.9,620,1995-02-01,42.97833333333334,23,74.52687
1995,3,6.552963,49.069847,1.690814703850911,1995.204,46.3,3.8,706,1995-03-01,42.041666666666664,23,65.52963
1995,4,8.242644,56.922733,1.7552857434559037,1995.288,21.6,3.6,698,1995-04-01,41.470000000000006,23,82.42644
1995,5,8.059807,62.7493875,1.7975032182089579,1995.371,19.4,2.8,781,1995-05-01,39.79333333333333,23,80.59806999999999
1995,6,8.174216,57.562778,1.760141744975442,1995.455,22.5,3.8,747,1995-06-01,38.473333333333336,23,81.74216
1995,7,7.354506,42.845535,1.6319055701122438,1995.538,20.4,3.1,842,1995-07-01,37.365,23,73.54505999999999
1995,8,5.641893,35.498352,1.5502081915362378,1995.623,18.2,3.6,854,1995-08-01,36.75,23,56.418929999999996
1995,9,5.812277,37.413948,1.5730335383010525,1995.707,15.7,3.0,708,1995-09-01,35.45666666666666,23,58.12277
1995,10,5.236233,42.048626,1.6237518091620549,1995.79,30.6,3.7,734,1995-10-01,35.11666666666667,23,52.36233
1995,11,4.84765,35.043297,1.5446049594123394,1995.874,14.0,3.7,594,1995-11-01,34.72,23,48.4765
1995,12,4.370592,19.644083,1.2932317604405195,1995.958,14.9,3.6,515,1995-12-01,34.64,23,43.705920000000006
1996,1,2.9174425,13.0160645,1.114121478503061,1996.042,13.3,3.4,535,1996-01-01,34.98833333333334,23,29.174425
1996,2,3.774964,12.624649,1.101219312376266,1996.124,7.7,3.4,532,1996-02-01,35.26,23,37.74964
1996,3,4.86329,12.736302,1.1050433483975624,1996.206,12.6,3.1,621,1996-03-01,36.236666666666665,23,48.6329
1996,4,4.230908,18.83971,1.275074213405421,1996.29,6.8,2.5,678,1996-04-01,37.916666666666664,23,42.30908
1996,5,3.77257,19.068203,1.2803097667766397,1996.373,7.6,3.1,676,1996-05-01,38.04,23,37.7257
1996,6,3.880391,20.499628,1.311745980128285,1996.456,16.5,2.9,682,1996-06-01,38.858333333333334,23,38.80391
1996,7,6.126053,28.559837,1.4557557244555879,1996.54,11.8,2.6,766,1996-07-01,39.705,23,61.260529999999996
1996,8,7.186823,30.203901,1.4800630381016102,1996.624,19.7,3.5,759,1996-08-01,39.72333333333333,23,71.86823000000001
1996,9,8.704251,49.324482,1.6930625330378042,1996.708,3.0,2.5,656,1996-09-01,40.44166666666667,23,87.04251
1996,10,8.027846499999999,40.320816,1.599866867327287,1996.791,0.7,2.1,630,1996-10-01,41.375,23,80.27846499999998
1996,11,4.474038,21.261326,1.3275903465713286,1996.874,24.9,4.4,536,1996-11-01,42.47833333333333,23,44.74038
1996,12,7.094233,38.930405,1.590288921785212,1996.958,14.0,2.9,543,1996-12-01,44.475,23,70.94233
1997,1,7.282663,51.898754,1.7151569313085693,1997.042,7.4,3.2,497,1997-01-01,47.266666666666666,23,72.82663000000001
1997,2,5.372578,24.990686,1.3977781777721274,1997.123,11.0,2.9,545,1997-02-01,49.315000000000005,23,53.72578
1997,3,5.369591,20.868885,1.3194992458415329,1997.204,12.1,2.4,627,1997-03-01,51.115,23,53.69591
1997,4,5.20055,27.83007,1.4445142987011108,1997.288,23.0,3.3,663,1997-04-01,52.211666666666666,23,52.0055
1997,5,6.034119,22.346985,1.3492189374818555,1997.371,25.4,2.8,716,1997-05-01,53.905,23,60.34119
1997,6,4.213734,21.400032,1.3304144227610146,1997.455,20.8,2.5,656,1997-06-01,56.55166666666666,23,42.137339999999995
1997,7,5.4312865,29.0874435,1.463380989812264,1997.538,12.9,4.2,700,1997-07-01,57.96166666666667,23,54.312864999999995
1997,8,11.325975,78.365135,1.894122886091171,1997.623,35.7,3.8,723,1997-08-01,59.63666666666666,23,113.25975
1997,9,11.910704,84.138741,1.9249960092159963,1997.707,59.7,4.8,661,1997-09-01,61.635,23,119.10704000000001
1997,10,6.227483,33.332417,1.5228668063609287,1997.79,32.8,3.6,623,1997-10-01,64.49166666666666,23,62.27483
1997,11,3.517322,29.301172,1.4668849917859592,1997.874,50.4,4.7,465,1997-11-01,67.32333333333334,23,35.17322
1997,12,8.216858,78.494026,1.8948366048476455,1997.958,55.5,4.6,418,1997-12-01,69.765,23,82.16858
1998,1,6.812089,43.359745,1.6370867194385748,1998.042,44.5,4.6,521,1998-01-01,72.52333333333333,23,68.12089
1998,2,12.301438,82.789337,1.9179744046560265,1998.123,50.2,4.6,559,1998-02-01,76.25500000000001,23,123.01437999999999
1998,3,12.6028935,159.079344,2.008504259875198,1998.204,82.0,5.9,571,1998-03-01,78.96,23,126.028935
1998,4,15.813673,380.628082,2.5805008265357006,1998.288,70.6,7.2,537,1998-04-01,81.29833333333333,23,158.13673
1998,5,12.578657,128.306992,2.1082503235945516,1998.371,74.0,4.8,620,1998-05-01,83.14833333333334,23,125.78657
1998,6,16.53644,138.153671,2.140362429418011,1998.455,90.5,6.0,521,1998-06-01,85.55,23,165.3644
1998,7,17.635334,323.864288,2.510363061688437,1998.538,96.7,6.3,597,1998-07-01,87.69,23,176.35334
1998,8,12.570169,257.765961,2.411225566524368,1998.623,121.1,7.4,586,1998-08-01,89.845,23,125.70169
1998,9,14.300272,754.195374,2.8774838642504093,1998.707,132.0,8.6,502,1998-09-01,91.74166666666666,23,143.00272
1998,10,11.8298,252.885071,2.4029231916469165,1998.79,78.5,6.6,432,1998-10-01,94.29500000000002,23,118.298
1998,11,13.450814,339.65683,2.5310403520387372,1998.874,97.3,6.8,472,1998-11-01,96.87666666666668,23,134.50814
1998,12,19.068635,476.26545699999997,2.5959758481564728,1998.958,119.2,9.4,435,1998-12-01,99.11833333333333,23,190.68635
1999,1,18.439299,408.91629,2.611634411890095,1999.042,86.0,7.6,475,1999-01-01,102.225,23,184.39299
1999,2,21.08662,296.430634,2.4719230828757413,1999.123,98.0,7.6,446,1999-02-01,104.07833333333333,23,210.8662
1999,3,20.164608,366.028992,2.5635154858505773,1999.204,103.5,6.8,518,1999-03-01,106.44166666666666,23,201.64608
1999,4,18.551563,287.80722,2.4591016845513463,1999.288,93.6,7.5,569,1999-04-01,110.36166666666666,23,185.51563000000002
1999,5,22.579355,617.706909,2.7907824589122363,1999.371,149.6,8.5,630,1999-05-01,113.585,23,225.79354999999998
1999,6,18.78385,595.404053,2.7748117866250226,1999.455,207.2,10.5,567,1999-06-01,116.11333333333333,23,187.8385
1999,7,20.592587,397.342194,2.599164685489251,1999.538,173.5,9.3,594,1999-07-01,119.43666666666667,23,205.92587000000003
1999,8,19.3189105,430.98544300000003,2.633507921543695,1999.623,142.3,12.9,649,1999-08-01,122.39,23,193.189105
1999,9,18.806318,441.258789,2.644693368766842,1999.707,106.3,6.5,624,1999-09-01,125.04333333333332,23,188.06318000000002
1999,10,19.197771,1032.974609,3.014089646488918,1999.79,168.7,10.4,531,1999-10-01,127.29333333333334,23,191.97771
1999,11,,,,1999.874,188.3,12.3,406,1999-11-01,130.025,23,
1999,12,21.256525,1392.705444,3.1438592732277177,1999.958,116.8,9.3,404,1999-12-01,132.72666666666666,23,212.56525
2000,1,21.255339,1637.074585,3.2140684662879564,2000.042,133.1,10.4,450,2000-01-01,134.52666666666667,23,212.55338999999998
2000,2,18.27874,960.928711,2.982691169595984,2000.124,165.7,10.4,490,2000-02-01,136.995,23,182.7874
2000,3,20.843147,812.853455,2.910012256022733,2000.206,217.7,11.9,456,2000-03-01,139.32666666666668,23,208.43147
2000,4,17.997807,836.244751,2.9223334047742173,2000.29,191.5,10.2,529,2000-04-01,141.4633333333333,23,179.97807
2000,5,19.8194125,441.07147199999997,2.6439420134637768,2000.373,165.9,10.1,551,2000-05-01,143.43666666666667,23,198.19412499999999
2000,6,22.570419,267.743195,2.427718441552423,2000.456,188.0,8.8,532,2000-06-01,145.05,23,225.70419
2000,7,20.560478,201.883255,2.305100298326075,2000.54,244.3,12.0,507,2000-07-01,146.38000000000002,23,205.60478
2000,8,18.697405,381.286591,2.5812515323727903,2000.624,180.5,9.4,626,2000-08-01,147.86333333333334,23,186.97405
2000,9,20.919121,1863.289673,3.270280376960682,2000.708,156.0,11.2,558,2000-09-01,148.28833333333333,23,209.19121
2000,10,20.354189,8126.039551,3.9098789317904483,2000.791,141.6,8.0,483,2000-10-01,148.6,23,203.54189000000002
2000,11,20.830767,617.745178,2.790809364068184,2000.874,158.1,8.9,380,2000-11-01,149.05499999999998,23,208.30767000000003
2000,12,18.377502,482.226715,2.683251266297972,2000.958,143.3,8.7,391,2000-12-01,149.26833333333332,23,183.77501999999998
2001,1,16.384528,383.77837350000004,2.5293746914912965,2001.042,142.6,9.2,437,2001-01-01,149.73833333333332,23,163.84528
2001,2,15.196129,191.856964,2.2829775677870385,2001.123,121.5,8.1,453,2001-02-01,150.265,23,151.96129000000002
2001,3,11.475813,167.611954,2.2243049890621736,2001.204,165.8,11.9,485,2001-03-01,150.17000000000002,23,114.75813000000001
2001,4,16.360691,160.189484,2.2046340024431297,2001.288,161.7,9.4,578,2001-04-01,149.27833333333334,23,163.60691
2001,5,22.149342,745.425354,2.872404160238364,2001.371,142.1,8.3,578,2001-05-01,149.6,23,221.49342000000001
2001,6,19.064251,220.087067,2.342594522809779,2001.455,202.9,10.8,586,2001-06-01,149.36,23,190.64251
2001,7,19.452816,470.2742,2.6723511533049056,2001.538,123.0,8.4,645,2001-07-01,148.57666666666668,23,194.52815999999999
2001,8,19.647856,211.071182,2.3244289422004822,2001.623,161.5,9.3,654,2001-08-01,148.15333333333334,23,196.47856000000002
2001,9,16.702404,1471.880005,3.1678724055921315,2001.707,238.2,12.1,518,2001-09-01,147.76333333333332,23,167.02404
2001,10,14.829405,2356.4876865,3.1383039456447266,2001.79,194.1,11.3,628,2001-10-01,147.285,23,148.29405
2001,11,18.200338,207.619385,2.3172679002626264,2001.874,176.6,13.3,509,2001-11-01,146.71166666666664,23,182.00338
2001,12,19.878916,267.417267,2.4271894460101526,2001.958,213.4,12.5,487,2001-12-01,145.43166666666667,23,198.78916
2002,1,20.777037,304.928436,2.484197926241539,2002.042,184.6,11.7,500,2002-01-01,143.08666666666667,23,207.77037
2002,2,,,,2002.123,170.2,11.3,475,2002-02-01,141.59166666666667,23,
2002,3,19.739996,464.081818,2.6665945537735847,2002.204,147.1,9.1,580,2002-03-01,140.38166666666666,23,197.39996000000002
2002,4,18.531818,259.49649,2.4141314878725657,2002.288,186.9,9.8,603,2002-04-01,139.42333333333332,23,185.31818
2002,5,17.236368,149.107971,2.173500860547457,2002.371,187.5,9.7,595,2002-05-01,137.84833333333333,23,172.36368
2002,6,16.738346,126.939575,2.1035970399408823,2002.455,128.8,7.7,569,2002-06-01,135.87833333333333,23,167.38346
2002,7,18.1379195,115.787571,2.0633039912650553,2002.538,161.0,11.0,628,2002-07-01,134.41333333333333,23,181.37919499999998
2002,8,15.025817,106.051941,2.0255186215359866,2002.623,175.6,9.8,663,2002-08-01,132.99666666666667,23,150.25817
2002,9,18.812428,497.618042,2.6968961180633797,2002.707,187.9,10.1,554,2002-09-01,130.95999999999998,23,188.12428
2002,10,17.344692,420.134796,2.623388651747445,2002.79,151.2,8.0,543,2002-10-01,127.99166666666666,23,173.44691999999998
2002,11,15.914763,225.507782,2.353161533448317,2002.874,147.2,8.2,470,2002-11-01,125.445,23,159.14763
2002,12,16.664362,318.070251,2.5025230515948933,2002.958,135.3,10.0,408,2002-12-01,123.71166666666666,23,166.64362
2003,1,18.553102,523.442749,2.7188691881102587,2003.042,133.5,7.4,482,2003-01-01,121.525,24,185.53101999999998
2003,2,18.757824,380.711945,2.5805965032031333,2003.123,75.7,5.7,538,2003-02-01,118.49333333333334,24,187.57824
2003,3,18.858238,400.338196,2.602427027828477,2003.204,100.7,7.5,633,2003-03-01,116.49333333333334,24,188.58238
2003,4,18.946412000000002,175.7235565,2.2447859532597203,2003.288,97.9,6.4,619,2003-04-01,114.51333333333334,24,189.46412000000004
2003,5,18.903561,445.59021,2.6489356404473496,2003.371,86.8,6.6,606,2003-05-01,112.37333333333332,24,189.03561
2003,6,17.137466,301.205322,2.478862641150221,2003.455,118.7,7.9,672,2003-06-01,110.19666666666667,24,171.37466
2003,7,18.135651,303.330902,2.481916656550171,2003.538,128.3,7.9,677,2003-07-01,108.79666666666667,24,181.35651
2003,8,17.14135,400.253143,2.6023347509153782,2003.623,115.4,7.3,721,2003-08-01,106.76833333333333,24,171.4135
2003,9,16.964338,349.475403,2.5434166143669987,2003.707,78.5,5.8,685,2003-09-01,104.83833333333332,24,169.64338
2003,10,15.793937,243.621063,2.3867148338344895,2003.79,97.8,8.8,570,2003-10-01,102.36333333333333,24,157.93937
2003,11,19.02537,827.62323,2.9178326720845953,2003.874,82.9,6.3,443,2003-11-01,100.50666666666666,24,190.25369999999998
2003,12,17.7822125,463.34533700000003,2.5831426553810197,2003.958,72.2,5.3,441,2003-12-01,98.75833333333334,24,177.822125
2004,1,18.783606,604.10614,2.781113249824099,2004.042,60.6,5.2,491,2004-01-01,95.785,24,187.83605999999997
2004,2,16.32268,140.294952,2.1470420448132104,2004.124,74.6,6.0,479,2004-02-01,94.10499999999999,24,163.22679999999997
2004,3,15.554484,105.095268,2.021583162005849,2004.206,74.8,5.1,594,2004-03-01,91.75999999999999,24,155.54484
2004,4,16.113874,175.96109,2.245416643572608,2004.29,59.2,5.1,601,2004-04-01,88.18499999999999,24,161.13873999999998
2004,5,15.192315,940.731628,2.9734657455290985,2004.373,72.8,5.7,614,2004-05-01,85.19833333333334,24,151.92315000000002
2004,6,16.009544,422.398407,2.6257222716649267,2004.456,66.5,6.8,646,2004-06-01,82.85,24,160.09544000000002
2004,7,16.292171,207.027557,2.3160281573240415,2004.54,83.8,8.8,709,2004-07-01,79.665,24,162.92171
2004,8,14.847111,240.728668,2.3815278128044493,2004.624,69.7,5.5,686,2004-08-01,77.07666666666667,24,148.47111
2004,9,12.308228,290.1553035,2.441848220164474,2004.708,48.8,5.3,604,2004-09-01,74.54666666666667,24,123.08228
2004,10,10.965366,142.244385,2.153035131927245,2004.791,74.2,5.5,539,2004-10-01,72.21499999999999,24,109.65366
2004,11,14.149203,331.612366,2.520630717250455,2004.874,70.1,5.4,477,2004-11-01,69.19000000000001,24,141.49203
2004,12,15.30145,5092.134766,3.706899888963482,2004.958,28.9,3.4,442,2004-12-01,66.39,24,153.0145
2005,1,15.280588,1149.591797,3.060543656195806,2005.042,48.1,4.6,536,2005-01-01,64.59833333333333,24,152.80588
2005,2,16.961006,123.840904,2.0928641135647434,2005.123,43.5,4.3,500,2005-02-01,62.166666666666664,24,169.61006
2005,3,15.519976,201.046249,2.3032959747092687,2005.204,39.6,3.8,607,2005-03-01,59.403333333333336,24,155.19976
2005,4,14.774834,343.164764,2.5355026883084286,2005.288,38.7,3.8,598,2005-04-01,56.33833333333334,24,147.74834
2005,5,11.483076,499.3615115,2.647767320653952,2005.371,61.9,5.7,641,2005-05-01,53.84333333333334,24,114.83076
2005,6,11.80451,162.675003,2.2113208234150123,2005.455,56.8,5.3,675,2005-06-01,51.43666666666666,24,118.0451
2005,7,11.960047,219.489502,2.341413753131665,2005.538,62.4,6.1,678,2005-07-01,49.47,24,119.60047
2005,8,11.193135,197.171646,2.2948444619688058,2005.623,60.5,5.3,706,2005-08-01,47.313333333333325,24,111.93135
2005,9,13.444134,475.781158,2.6774072390071364,2005.707,37.2,4.5,691,2005-09-01,46.1,24,134.44134
2005,10,12.323778,288.357239,2.459930858532739,2005.79,13.2,3.4,534,2005-10-01,44.68,24,123.23778000000001
2005,11,11.937676,458.486969,2.6613269967741613,2005.874,27.5,4.1,499,2005-11-01,43.108333333333334,24,119.37675999999999
2005,12,13.165171,971.222412,2.9873186956583067,2005.958,59.3,3.9,419,2005-12-01,41.73833333333333,24,131.65171
2006,1,11.642399,413.740387,2.616727916339414,2006.042,20.9,3.4,511,2006-01-01,39.84666666666667,24,116.42398999999999
2006,2,10.039979500000001,114.9089625,2.060307381732935,2006.123,5.7,3.7,434,2006-02-01,37.718333333333334,24,100.39979500000001
2006,3,10.754342,114.375519,2.0583330777702398,2006.204,17.3,4.2,502,2006-03-01,35.8,24,107.54342
2006,4,12.125443,220.580521,2.3435671581688693,2006.288,50.3,5.1,550,2006-04-01,34.51166666666666,24,121.25443000000001
2006,5,10.874566,142.565704,2.154015062998691,2006.371,37.2,3.9,566,2006-05-01,32.95166666666667,24,108.74566
2006,6,10.535161,153.589813,2.186362411629072,2006.455,24.5,3.3,566,2006-06-01,31.68,24,105.35161000000001
2006,7,9.832217,230.857819,2.3633445884000364,2006.538,22.2,2.4,628,2006-07-01,30.493333333333332,24,98.32217
2006,8,10.701659,143.217224,2.1559952514797303,2006.623,20.8,2.5,650,2006-08-01,29.505,24,107.01659
2006,9,10.489,116.885666,2.067761255740172,2006.707,23.7,3.0,567,2006-09-01,28.281666666666663,24,104.89000000000001
2006,10,8.3653635,116.9033625,2.067819973138495,2006.79,14.9,2.4,537,2006-10-01,27.044999999999998,24,83.65363500000001
2006,11,10.402102,87.883675,1.9439082093642006,2006.874,35.7,3.5,444,2006-11-01,26.078333333333333,24,104.02102
2006,12,10.967064,126.002739,2.1003799857497616,2006.958,22.3,3.5,415,2006-12-01,24.913333333333334,24,109.67064
2007,1,10.451326,132.722504,2.1229445666805917,2007.042,29.3,2.8,474,2007-01-01,23.91,24,104.51326
2007,2,9.77027,230.658539,2.362969536862936,2007.123,18.4,2.7,423,2007-02-01,22.605,24,97.7027
2007,3,9.678192,84.910126,1.9289594853404237,2007.204,7.2,2.8,611,2007-03-01,21.44333333333333,24,96.78191999999999
2007,4,11.405842,87.291817,1.940973533530155,2007.288,5.4,2.4,650,2007-04-01,20.74833333333333,24,114.05842
2007,5,11.259468,77.708382,1.8904678664201224,2007.371,19.5,3.3,615,2007-05-01,19.639999999999997,24,112.59468
2007,6,11.832168,74.711632,1.873388223236249,2007.455,21.3,3.4,607,2007-06-01,18.586666666666666,24,118.32167999999999
2007,7,9.3645405,71.25729,1.8507718549645662,2007.538,15.1,1.9,703,2007-07-01,18.376666666666665,24,93.64540500000001
2007,8,9.167399,62.445374,1.7955002710418233,2007.623,9.8,2.2,669,2007-08-01,17.9,24,91.67399
2007,9,8.737835,52.825745,1.7228456306104372,2007.707,4.0,2.1,637,2007-09-01,17.65,24,87.37835000000001
2007,10,8.832383,49.501534,1.6946186574671565,2007.79,1.5,2.4,547,2007-10-01,17.39,24,88.32383
2007,11,10.459094,44.054836,1.6439935888623856,2007.874,2.8,2.5,437,2007-11-01,16.918333333333333,24,104.59094
2007,12,10.69684,43.920525,1.6426675227726428,2007.958,17.3,3.1,468,2007-12-01,16.118333333333332,24,106.9684
2008,1,12.016068,51.978577,1.715824385793946,2008.042,4.1,2.8,480,2008-01-01,15.485000000000001,24,120.16068000000001
2008,2,13.664755,63.55418,1.8031441196616185,2008.124,2.9,2.4,490,2008-02-01,14.865000000000002,24,136.64755
2008,3,13.722303,67.069061,1.826522226045837,2008.206,15.5,2.7,548,2008-03-01,14.35,24,137.22303
2008,4,13.0641395,75.819767,1.8797822985127857,2008.29,3.6,2.3,562,2008-04-01,14.336666666666668,24,130.641395
2008,5,12.623115,67.144348,1.827009460999962,2008.373,4.6,3.2,637,2008-05-01,14.676666666666666,24,126.23115
2008,6,11.7354,60.983978,1.785215750090056,2008.456,5.2,2.3,637,2008-06-01,14.791666666666666,24,117.354
2008,7,10.072157,46.674667,1.6690812281620186,2008.54,0.6,2.0,664,2008-07-01,14.211666666666668,24,100.72157000000001
2008,8,10.287779,45.09687,1.6541464002171933,2008.624,0.3,2.0,525,2008-08-01,14.318333333333333,24,102.87779
2008,9,10.280159,50.219479,1.7008722028293375,2008.708,1.2,2.4,605,2008-09-01,15.028333333333332,24,102.80158999999999
2008,10,8.784456,36.639324,1.5639474522835293,2008.791,4.2,2.9,571,2008-10-01,16.05,24,87.84456
2008,11,8.331026,32.526993,1.5122439162216286,2008.874,6.6,2.4,445,2008-11-01,16.48,24,83.31026
2008,12,7.446652,36.1656025,1.5523470768464376,2008.958,1.0,2.0,480,2008-12-01,16.83,24,74.46652
2009,1,7.08212,27.239452,1.4351983662447847,2009.042,1.3,2.0,317,2009-01-01,17.35666666666667,24,70.8212
2009,2,7.779414,32.128075,1.5068847049501255,2009.123,1.2,2.2,385,2009-02-01,18.061666666666667,24,77.79414
2009,3,7.364415,29.337233,1.4674191500832803,2009.204,0.6,2.0,523,2009-03-01,18.811666666666667,24,73.64415
2009,4,6.893572,23.710043,1.3749323416055939,2009.288,1.2,2.2,586,2009-04-01,20.418333333333333,24,68.93572
2009,5,5.525854,24.014225,1.3804685754157666,2009.371,2.9,2.4,610,2009-05-01,22.265,24,55.258539999999996
2009,6,7.090549,28.849546,1.4601389831331302,2009.455,6.3,2.7,623,2009-06-01,23.988333333333333,24,70.90549
2009,7,6.453027,33.096474,1.5197817277965175,2009.538,5.5,2.6,671,2009-07-01,25.438333333333336,24,64.53027
2009,8,6.034717,27.27879,1.4358251024955264,2009.623,0.0,2.0,691,2009-08-01,26.52333333333333,24,60.34717
2009,9,3.5444765,14.9056125,1.164707485166841,2009.707,7.1,2.2,628,2009-09-01,27.013333333333332,24,35.444765000000004
2009,10,4.151577,11.625447,1.065409660564246,2009.79,7.7,2.7,564,2009-10-01,28.336666666666666,24,41.515769999999996
2009,11,8.669016,133.703186,2.126141756145557,2009.874,6.9,3.2,452,2009-11-01,29.67833333333333,24,86.69015999999999
2009,12,12.150626,54.9879,1.740267134196757,2009.958,16.3,3.5,415,2009-12-01,30.961666666666662,24,121.50626000000001
2010,1,15.776945,405.591797,2.608089162908957,2010.042,19.5,2.5,413,2010-01-01,32.14,24,157.76945
2010,2,14.569946,106.024872,2.025407756824016,2010.123,28.5,2.7,376,2010-02-01,33.556666666666665,24,145.69946
2010,3,14.819244,99.213242,1.9965696413449436,2010.204,24.0,3.6,564,2010-03-01,34.973333333333336,24,148.19244
2010,4,13.139888,123.039017,2.0900428527468464,2010.288,10.4,3.3,592,2010-04-01,36.468333333333334,24,131.39888
2010,5,12.174863,231.477829,2.364509400519997,2010.371,13.9,3.4,573,2010-05-01,37.718333333333334,24,121.74863
2010,6,10.169064500000001,87.3763945,1.921267673977097,2010.455,18.8,3.0,600,2010-06-01,39.13166666666667,24,101.69064500000002
2010,7,14.065017,188.01149,2.2741843912376956,2010.538,25.2,3.4,718,2010-07-01,39.79,24,140.65017
2010,8,12.556593,128.771652,2.109820267255182,2010.623,29.6,3.4,689,2010-08-01,41.32333333333333,24,125.56593
2010,9,14.395285,490.165558,2.6903427918282334,2010.707,36.4,4.0,505,2010-09-01,42.29,24,143.95284999999998
2010,10,13.340659,300.06955,2.4772219269879074,2010.79,33.6,3.9,501,2010-10-01,43.33666666666667,24,133.40659
2010,11,11.412979,81.018036,1.908581711018628,2010.874,34.4,3.7,404,2010-11-01,45.06499999999999,24,114.12979
2010,12,15.256924,148.367004,2.1713373269938105,2010.958,24.5,3.6,393,2010-12-01,46.99166666666667,24,152.56924
2011,1,14.183201,58.136005,1.7644451845367985,2011.042,27.3,3.1,417,2011-01-01,48.18333333333333,24,141.83201
2011,2,17.84341,97.347908,1.988326622997105,2011.123,48.3,5.1,399,2011-02-01,49.61000000000001,24,178.4341
2011,3,19.9071585,1196.1193235,2.9999226188588297,2011.204,78.6,6.9,566,2011-03-01,51.135,24,199.07158500000003
2011,4,,,,2011.288,76.1,6.2,557,2011-04-01,52.02333333333333,24,
2011,5,18.968792,99.232452,1.9966537227563894,2011.371,58.2,5.0,607,2011-05-01,53.86,24,189.68792000000002
2011,6,20.674109,534.193115,2.7276982862746895,2011.455,56.1,5.0,544,2011-06-01,55.64833333333333,24,206.74109
2011,7,21.23848,1118.105103,3.0484826295857315,2011.538,64.5,4.8,549,2011-07-01,57.70166666666667,24,212.38479999999998
2011,8,20.143932,146.076477,2.164580286217676,2011.623,65.8,5.6,605,2011-08-01,59.629999999999995,24,201.43932
2011,9,,,,2011.707,120.1,8.8,535,2011-09-01,62.044999999999995,24,
2011,10,,,,2011.79,125.7,9.0,503,2011-10-01,64.18,24,
2011,11,20.196407,932.023071,2.969426662873273,2011.874,139.1,9.9,434,2011-11-01,66.035,24,201.96407
2011,12,,,,2011.958,109.3,8.4,361,2011-12-01,67.86166666666666,24,
2012,1,20.559855,940.550171,2.9733819667203214,2012.042,94.4,7.1,386,2012-01-01,69.47166666666666,24,205.59855
2012,2,19.145109,985.250671,2.9935467393118076,2012.124,47.8,4.4,388,2012-02-01,71.05,24,191.45109000000002
2012,3,18.828184,1525.469971,3.183403662940499,2012.206,86.6,7.3,500,2012-03-01,72.83166666666666,24,188.28184
2012,4,18.386024,3667.303223,3.5643468201409587,2012.29,85.9,6.9,479,2012-04-01,74.87999999999998,24,183.86023999999998
2012,5,20.40148,1281.38916,3.107681045727251,2012.373,96.5,7.2,543,2012-05-01,76.25166666666665,24,204.01479999999998
2012,6,20.515692,8274.589844,3.91774647581305,2012.456,92.0,6.5,498,2012-06-01,77.86333333333333,24,205.15692
2012,7,19.578318,2674.598389,3.427258578680403,2012.54,100.1,7.3,601,2012-07-01,79.47333333333333,24,195.78318
2012,8,20.544469,950.5470885,2.9632411912796934,2012.624,94.8,6.5,612,2012-08-01,80.69833333333332,24,205.44468999999998
2012,9,,,,2012.708,93.7,8.1,511,2012-09-01,81.33500000000001,24,
2012,10,19.549114,642.212524,2.8076787706341837,2012.791,76.5,5.1,493,2012-10-01,81.84333333333333,24,195.49114
2012,11,17.294851,754.139038,2.877451422619761,2012.874,87.6,6.5,382,2012-11-01,82.925,24,172.94851
2012,12,,,,2012.958,56.8,5.1,360,2012-12-01,84.17333333333333,24,
2013,1,,,,2013.042,96.1,6.3,362,2013-01-01,84.96833333333332,24,
2013,2,19.91679,716.733887,2.8553579382901013,2013.123,60.9,4.4,363,2013-02-01,85.645,24,199.16789999999997
2013,3,17.463163,421.627075,2.624928491544029,2013.204,78.3,6.1,429,2013-03-01,86.225,24,174.63163000000003
2013,4,18.13969,395.697296,2.5973630825220515,2013.288,107.3,6.8,509,2013-04-01,86.92833333333333,24,181.39690000000002
2013,5,19.367685,928.025879,2.9675600871565653,2013.371,120.2,8.2,487,2013-05-01,87.42833333333334,24,193.67685
2013,6,19.769659,1976.833252,3.295970037654371,2013.455,76.7,5.2,469,2013-06-01,87.89166666666667,24,197.69659000000001
2013,7,18.249899,318.212677,2.5027174771379674,2013.538,86.2,6.7,575,2013-07-01,88.45,24,182.49899
2013,8,18.931761,2145.680176,3.3315649887624765,2013.623,91.8,6.6,563,2013-08-01,88.945,24,189.31761
2013,9,17.549631,793.511475,2.899553211485506,2013.707,54.5,5.3,446,2013-09-01,89.08,24,175.49631000000002
2013,10,19.719074,655.178711,2.8163597772666544,2013.79,114.4,8.2,421,2013-10-01,88.67166666666667,24,197.19074
2013,11,19.676901,2348.25293,3.3707448728938654,2013.874,113.9,8.2,321,2013-11-01,88.035,24,196.76901
2013,12,17.690752,803.729431,2.9051098716336736,2013.958,124.2,9.1,402,2013-12-01,87.92333333333333,24,176.90752
2014,1,18.540288,617.6480865,2.7787679816986337,2014.042,117.0,8.2,398,2014-01-01,87.33,25,185.40288
2014,2,19.398674,1125.536987,3.051359771203324,2014.123,146.1,10.7,384,2014-02-01,86.79500000000002,25,193.98674
2014,3,15.795692,869.949829,2.939494207082139,2014.204,128.7,8.6,493,2014-03-01,86.53500000000001,25,157.95692
2014,4,18.056959,908.742859,2.958441011147336,2014.288,112.5,6.9,486,2014-04-01,85.27666666666666,25,180.56959
2014,5,16.939196,662.845581,2.8214123653117777,2014.371,112.5,7.5,493,2014-05-01,83.73833333333333,25,169.39195999999998
2014,6,14.830681,192.606033,2.2846698864103963,2014.455,102.9,7.7,469,2014-06-01,81.77666666666666,25,148.30681
2014,7,14.777545,308.897491,2.4898143807867843,2014.538,100.2,7.4,477,2014-07-01,80.26333333333334,25,147.77545
2014,8,19.383123,618.332642,2.7912221736641465,2014.623,106.9,7.6,486,2014-08-01,79.125,25,193.83123
2014,9,19.694921,1889.46582,3.276339040037286,2014.707,130.0,8.7,419,2014-09-01,78.76833333333333,25,196.94921
2014,10,21.003856499999998,726.0370945,2.7072963181004024,2014.79,90.0,6.9,440,2014-10-01,77.61999999999999,25,210.03856499999998
2014,11,18.081175,199.888321,2.300787420063953,2014.874,103.6,8.5,397,2014-11-01,76.72666666666666,25,180.81175000000002
2014,12,18.37546,407.363007,2.6099815877833787,2014.958,112.9,7.4,331,2014-12-01,75.43333333333334,25,183.7546
2015,1,16.93395,830.902527,2.9195500797781957,2015.042,93.0,7.5,546,2015-01-01,74.22,25,169.3395
2015,2,15.985243,1060.847046,3.0256527713973664,2015.123,66.7,5.3,442,2015-02-01,72.84833333333334,25,159.85243
2015,3,14.01297,1008.149536,3.003524954572826,2015.204,54.5,4.8,628,2015-03-01,71.81166666666667,25,140.12969999999999
2015,4,12.928018,379.433624,2.5791358138236533,2015.288,75.3,8.2,847,2015-04-01,70.97833333333332,25,129.28018
2015,5,13.087429,246.198273,2.3912850021728733,2015.371,88.8,8.6,895,2015-05-01,69.92333333333335,25,130.87429
2015,6,16.719746,1807.5060425,3.243460067906945,2015.455,66.5,6.3,826,2015-06-01,68.55833333333334,25,167.19746
2015,7,14.39103,305.334686,2.4847761429253756,2015.538,65.8,5.7,977,2015-07-01,67.74833333333333,25,143.9103
2015,8,14.262264,601.871338,2.779503662074041,2015.623,64.4,5.2,892,2015-08-01,66.26,25,142.62264
2015,9,14.493025,677.145874,2.8306822365565454,2015.707,78.6,6.4,862,2015-09-01,65.42333333333333,25,144.93025
2015,10,17.306993,890.152832,2.9494645778763577,2015.79,63.6,5.4,662,2015-10-01,64.16,25,173.06993
2015,11,16.819719,841.242554,2.924921233224873,2015.874,62.2,5.2,622,2015-11-01,62.52,25,168.19718999999998
2015,12,18.058346,3870.97168,3.5878199940353803,2015.958,58.0,5.4,704,2015-12-01,60.735,25,180.58346
2016,1,17.479214,1126.743408,3.0518250259153255,2016.042,57.0,4.7,634,2016-01-01,59.71666666666667,25,174.79214
2016,2,16.834934,454.107941,2.657159096488781,2016.124,56.4,5.1,662,2016-02-01,58.30666666666666,25,168.34934
2016,3,15.37881,1029.630432,2.9873976049163824,2016.206,54.1,4.9,873,2016-03-01,56.92166666666667,25,153.7881
2016,4,14.299997,160.99913,2.206823529216818,2016.288,37.9,3.5,865,2016-04-01,56.068333333333335,25,142.99997
2016,5,13.836471,139.979553,2.1460646023368235,2016.373,51.5,4.7,878,2016-05-01,54.24333333333333,25,138.36471
2016,6,11.881418,134.498718,2.1287181447980608,2016.455,20.5,2.0,942,2016-06-01,52.42666666666666,25,118.81418
2016,7,10.615865,213.172943,2.3287320809760397,2016.54,32.4,3.8,1025,2016-07-01,50.40833333333333,25,106.15865
2016,8,11.632367,111.048904,2.045514276625141,2016.624,50.2,4.5,1067,2016-08-01,48.58666666666667,25,116.32367
2016,9,11.86525,74.775757,1.8737608183500782,2016.706,44.6,3.8,900,2016-09-01,46.165,25,118.6525
2016,10,11.95187,126.479507,2.1020201641063405,2016.791,33.4,3.1,782,2016-10-01,44.17666666666666,25,119.5187
2016,11,12.6187085,294.079903,2.417703977804613,2016.873,21.4,2.6,689,2016-11-01,42.45333333333333,25,126.187085
2016,12,11.226393,72.53315,1.8605365385938561,2016.958,18.5,2.4,623,2016-12-01,40.74333333333333,25,112.26393
2017,1,11.678046,73.350121,1.8654008346017823,2017.042,26.1,2.5,830,2017-01-01,39.048333333333325,25,116.78046
2017,2,9.381207,77.899651,1.891535511984327,2017.122,26.4,3.7,542,2017-02-01,37.39333333333333,25,93.81207
2017,3,8.56158,67.633942,1.8301647007323902,2017.204,17.7,2.6,1011,2017-03-01,35.62,25,85.6158
2017,4,9.430581,69.99424,1.8450623023122317,2017.286,32.3,3.7,920,2017-04-01,33.471666666666664,25,94.30581000000001
2017,5,10.942949,76.003815,1.8808353921737586,2017.371,18.9,1.8,1101,2017-05-01,31.978333333333335,25,109.42949
2017,6,10.757766,77.566917,1.8896765301769927,2017.453,19.2,1.4,1136,2017-06-01,30.259999999999998,25,107.57766000000001
2017,7,11.186209,90.363647,1.9559937503582547,2017.538,17.8,2.6,1093,2017-07-01,28.40333333333333,25,111.86209
2017,8,7.9997275000000005,69.477541,1.833010542711842,2017.623,32.6,2.9,1002,2017-08-01,26.956666666666663,25,79.997275
2017,9,11.467475,80.278702,1.9046003419071926,2017.705,43.7,4.1,973,2017-09-01,25.848333333333336,25,114.67475
2017,10,11.339262,70.062866,1.8454878986472047,2017.79,13.2,1.0,1125,2017-10-01,24.965,25,113.39262
2017,11,10.815055,66.322906,1.8216635469770006,2017.873,5.7,0.5,997,2017-11-01,23.796666666666667,25,108.15055
2017,12,10.994791,51.887009,1.7150586367339709,2017.958,8.2,1.2,714,2017-12-01,22.319999999999997,25,109.94791
2018,1,10.87613,44.214401,1.6455637457334469,2018.042,6.8,1.5,701,2018-01-01,21.308333333333334,25,108.7613
2018,2,10.787686,44.401707,1.6473996666558406,2018.122,10.7,1.1,917,2018-02-01,20.313333333333333,25,107.87686000000001
2018,3,11.127258,38.412281,1.5844700972276584,2018.204,2.5,0.4,1081,2018-03-01,19.365000000000002,25,111.27257999999999
2018,4,6.48442,22.575647,1.353640205696653,2018.286,8.9,1.3,996,2018-04-01,18.064999999999998,25,64.8442
2018,5,6.3049435,25.837916,1.407858947115268,2018.371,13.1,1.6,1234,2018-05-01,17.24833333333333,25,63.049435
2018,6,4.496279,20.666382,1.3152644526811412,2018.453,15.6,1.6,1070,2018-06-01,16.78666666666667,25,44.962790000000005
2018,7,7.7657,44.034302,1.6437911166108596,2018.538,1.6,0.6,1438,2018-07-01,16.205000000000002,25,77.657
2018,8,6.356173,44.298832,1.6463922755990954,2018.623,8.7,1.0,1297,2018-08-01,15.428333333333335,25,63.56173
2018,9,5.886355,43.529739,1.6387860631785425,2018.705,3.3,0.6,1223,2018-09-01,14.625,25,58.863550000000004
2018,10,7.289144,42.858902,1.6320410406803936,2018.79,4.9,1.2,1097,2018-10-01,14.01,25,72.89144
2018,11,7.155839,43.2113,1.6355973321370512,2018.873,4.9,0.6,771,2018-11-01,13.786666666666667,25,71.55839
2018,12,5.963278,30.623013,1.4860479187234026,2018.958,3.1,0.5,786,2018-12-01,13.281666666666668,25,59.63278
2019,1,6.3432495,27.942568,1.4458582616398008,2019.042,7.7,0.8,841,2019-01-01,13.356666666666667,25,63.432494999999996
2019,2,4.851565,18.819189,1.2746009038726462,2019.122,0.8,0.1,1042,2019-02-01,13.388333333333332,25,48.51565
2019,3,5.946372,28.043835,1.4478374032123407,2019.204,9.4,1.0,995,2019-03-01,12.918333333333333,25,59.46372
2019,4,6.036707,36.600792,1.5634904831405356,2019.286,9.1,0.7,1039,2019-04-01,13.03,25,60.36707
2019,5,7.013547,48.377033,1.6846392292337788,2019.371,9.9,0.7,1159,2019-05-01,13.096666666666666,25,70.13547
2019,6,5.305933,38.474644,1.585174610061649,2019.453,1.2,0.7,1273,2019-06-01,13.32,25,53.059329999999996
2019,7,5.062724,35.512505,1.5503813078776942,2019.538,0.9,0.2,1214,2019-07-01,14.136666666666667,25,50.62724
2019,8,4.536792,30.224831,1.4803638812127884,2019.623,0.5,0.1,1344,2019-08-01,14.623333333333333,25,45.36792
2019,9,4.954277,28.303556,1.4518410028090623,2019.705,1.1,0.3,1225,2019-09-01,15.198333333333332,25,49.542770000000004
2019,10,4.6903675,24.739272999999997,1.3932905345120212,2019.79,0.4,0.1,1065,2019-10-01,16.21333333333333,25,46.903675
2019,11,4.246342,23.059832,1.3628561389630716,2019.873,0.5,0.1,832,2019-11-01,17.075,25,42.46342
2019,12,5.353776,18.432549,1.2655853970794806,2019.958,1.5,0.5,855,2019-12-01,18.368333333333332,25,53.53776
2020,1,3.428774,11.556097,1.0628111785847538,2020.042,6.2,0.7,795,2020-01-01,19.219999999999995,25,34.28774
2020,2,3.657709,10.833638,1.0347743197845936,2020.124,0.2,0.1,967,2020-02-01,20.446666666666665,25,36.57709
2020,3,2.546789,10.992606,1.0411006621464745,2020.206,1.5,0.1,1055,2020-03-01,21.146666666666665,25,25.46789
2020,4,2.706351,11.26269,1.0516421305358912,2020.288,5.2,0.6,1234,2020-04-01,22.01833333333333,25,27.06351
2020,5,1.841347,7.089793,0.8506335553142194,2020.373,0.2,0.1,1363,2020-05-01,23.389999999999997,25,18.41347
2020,6,5.226094,18.167728,1.2593006191760472,2020.455,5.8,0.6,1196,2020-06-01,24.636666666666663,25,52.26094
2020,7,3.946189,17.796971,1.2328955463656117,2020.54,6.1,3.7,1548,2020-07-01,26.38,25,39.46189
2020,8,4.270471,17.267029,1.23721761840682,2020.624,7.5,4.1,1587,2020-08-01,28.66,25,42.70471
2020,9,4.37659,20.423969,1.3101401426139008,2020.706,0.6,2.2,1244,2020-09-01,30.33,25,43.7659
2020,10,5.582335,21.2841,1.3280552907218715,2020.791,14.6,7.4,1215,2020-10-01,32.33166666666667,25,55.82335
2020,11,7.495562,30.681854,1.486881599007118,2020.873,34.5,8.1,1238,2020-11-01,33.79,25,74.95562
2020,12,12.278638,154.885483,2.190010714412249,2020.958,23.1,6.0,998,2020-12-01,,25,122.78638000000001
2021,1,7.05414,85.896988,1.9339779354504092,2021.042,10.4,5.9,1036,2021-01-01,,25,70.54140000000001
2021,2,7.840087,73.069359,1.8637352975192427,2021.122,8.2,4.3,1122,2021-02-01,,25,78.40087
2021,3,8.648194,39.865587500000004,1.6004856718700426,2021.204,17.2,6.2,1322,2021-03-01,,25,86.48194000000001
2021,4,8.22983,26.167362,1.4177599424874068,2021.286,24.5,6.9,1441,2021-04-01,,25,82.2983
2021,5,6.81547,30.794901,1.4884788122508283,2021.371,21.2,5.5,1411,2021-05-01,,25,68.1547
2021,6,10.691276,77.057228,1.8868133819679627,2021.453,25.0,5.7,1411,2021-06-01,,25,106.91276
2021,7,6.885457,40.909775,1.6118270909252341,2021.538,34.3,9.1,1424,2021-07-01,,25,68.85457
2021,8,6.308741,40.183819,1.6040512089630035,2021.623,22.0,7.9,1447,2021-08-01,,25,63.087410000000006
2021,9,11.149814,65.837128,1.8184708774752212,2021.705,51.3,9.6,1361,2021-09-01,,25,111.49813999999999
2021,10,8.118653,44.692944,1.6502389633165069,2021.79,37.4,8.7,1347,2021-10-01,,25,81.18653
2021,11,9.635313,43.781136,1.6412870261248032,2021.873,34.8,7.0,1066,2021-11-01,,25,96.35313
2021,12,13.5262595,69.21810550000001,1.8348220412225071,2021.958,67.5,15.6,845,2021-12-01,,25,135.262595
2022,1,15.485814,125.913376,2.100071868427341,2022.042,55.3,11.2,1176,2022-01-01,,25,154.85814
2022,2,14.926923,155.163116,2.1907884925574166,2022.122,60.9,11.1,1146,2022-02-01,,25,149.26923
2022,3,15.028467,2146.650391,3.331761319879737,2022.204,78.6,14.0,1413,2022-03-01,,25,150.28467
2022,4,21.638395,639.182678,2.8056249969834224,2022.286,84.0,15.3,1376,2022-04-01,,25,216.38395
2022,5,20.662584,398.42868,2.6003505925966337,2022.371,96.5,16.3,1401,2022-05-01,,25,206.62583999999998
