fyear_CS,SD_70,SL_70,SL_70_log10,actual_date,year,month,day,from_date
1976.439331,4.432569,26.940952,1.430412938121999,1976-06-09,1976,6,9,1976-06-09
1976.513672,4.316492,20.119915,1.3036261416369246,1976-07-07,1976,7,7,1976-07-07
1976.588013,7.398017,22.928347,1.3603727457610875,1976-08-03,1976,8,3,1976-08-03
1976.662354,4.060399,21.92754,1.340989911916834,1976-08-30,1976,8,30,1976-08-30
1976.736816,4.522666,24.674475,1.3922479209352463,1976-09-26,1976,9,27,1976-09-26
1976.811401,4.935369,30.268057,1.4809845431481183,1976-10-23,1976,10,24,1976-10-23
1976.885864,4.084423,24.41054,1.3875773868086774,1976-11-20,1976,11,20,1976-11-20
1976.960571,5.325225,30.787935,1.4883805609986827,1976-12-17,1976,12,18,1976-12-17
1977.035156,5.39284,26.913641,1.4299724550749153,1977-01-13,1977,1,14,1977-01-13
1977.110107,5.134246,35.899826,1.5550923436361748,1977-02-10,1977,2,10,1977-02-10
1977.185059,4.76565,26.424805,1.4220117911455399,1977-03-09,1977,3,9,1977-03-09
1977.259888,7.220751,45.568157,1.6586614639364958,1977-04-05,1977,4,6,1977-04-05
1977.334595,9.644912,51.13607,1.70872734780259,1977-05-03,1977,5,3,1977-05-03
1977.40918,11.303822,64.352173,1.8085632164459302,1977-05-30,1977,5,30,1977-05-30
1977.483765,11.223752,43.868881,1.6421565566360077,1977-06-26,1977,6,26,1977-06-26
1977.558228,7.984216,56.507904,1.7521091986779016,1977-07-23,1977,7,24,1977-07-23
1977.632813,6.32383,39.379673,1.595272105532795,1977-08-19,1977,8,20,1977-08-19
1977.707397,7.526429,33.322243,1.5227342271206117,1977-09-16,1977,9,16,1977-09-16
1977.782104,7.550559,47.992271,1.6811713012854643,1977-10-13,1977,10,13,1977-10-13
1977.856934,8.85938,77.486664,1.8892269638020183,1977-11-09,1977,11,10,1977-11-09
1977.931763,12.858051,128.411942,2.1086054139472945,1977-12-07,1977,12,7,1977-12-07
1978.006592,11.542613,87.63459,1.942675559148045,1978-01-03,1978,1,3,1978-01-03
1978.081543,18.056166,276.495758,2.4416884727426185,1978-01-30,1978,1,31,1978-01-30
1978.156372,16.533873,1213.865967,3.0841707353340597,1978-02-27,1978,2,27,1978-02-27
1978.231323,15.545433,564.752625,2.7518582582207594,1978-03-26,1978,3,26,1978-03-26
1978.30603,15.019421,518.014893,2.7143422459512965,1978-04-22,1978,4,22,1978-04-22
1978.380737,15.659678,258.705536,2.412805722216843,1978-05-19,1978,5,20,1978-05-19
1978.455322,12.990877,271.275116,2.433409957862099,1978-06-16,1978,6,16,1978-06-16
1978.529785,14.767222,234.547928,2.370231600735997,1978-07-13,1978,7,13,1978-07-13
1978.60437,14.035118,517.468018,2.713883513480968,1978-08-09,1978,8,9,1978-08-09
1978.678955,15.893717,481.536835,2.682629513943157,1978-09-05,1978,9,6,1978-09-05
1978.753662,19.578642,241.007095,2.3820298279441348,1978-10-03,1978,10,3,1978-10-03
1978.828369,19.49262,552.317322,2.742188663957059,1978-10-30,1978,10,30,1978-10-30
1978.903198,20.371584,321.062897,2.5065901200816194,1978-11-26,1978,11,26,1978-11-26
1978.978027,21.13299,580.035034,2.763454225654965,1978-12-23,1978,12,24,1978-12-23
1979.052856,20.759445,506.678589,2.7047325524540438,1979-01-20,1979,1,20,1979-01-20
1979.127808,21.882833,1007.738647,3.0033479141701385,1979-02-16,1979,2,16,1979-02-16
1979.202637,22.552633,2792.246338,3.445953730038086,1979-03-15,1979,3,15,1979-03-15
1979.277466,19.652382,1211.5,3.083323418473525,1979-04-12,1979,4,12,1979-04-12
1979.3516833613965,,,,1979-05-09,1979,5,9,1979-05-09
1979.426758,19.940844,1194.637939,3.0772363028409164,1979-06-05,1979,6,5,1979-06-05
1979.501343,19.572168,462.795441,2.665389072063862,1979-07-02,1979,7,2,1979-07-02
1979.575710466119,,,,1979-07-30,1979,7,30,1979-07-30
1979.650391,20.999605,652.765686,2.8147573167437634,1979-08-26,1979,8,26,1979-08-26
1979.725098,17.73477,520.742126,2.716622711820736,1979-09-22,1979,9,22,1979-09-22
1979.799737570842,,,,1979-10-19,1979,10,19,1979-10-19
1979.874512,19.422478,456.891846,2.659813407412665,1979-11-16,1979,11,16,1979-11-16
1979.9490889739905,,,,1979-12-13,1979,12,13,1979-12-13
1980.024292,20.678894,1091.813721,3.038148547853385,1980-01-09,1980,1,9,1980-01-09
1980.098999,20.899912,380.088837,2.5798851148004394,1980-02-06,1980,2,6,1980-02-06
1980.173706,19.838558,511.812378,2.7091107849354805,1980-03-04,1980,3,4,1980-03-04
1980.248291,19.987915,336.946259,2.527560638910196,1980-03-31,1980,3,31,1980-03-31
1980.322876,19.851324,681.145447,2.833239857999319,1980-04-28,1980,4,28,1980-04-28
1980.397339,15.774866,391.412384,2.5926345622974045,1980-05-25,1980,5,25,1980-05-25
1980.47168,15.634408,485.542938,2.6862276418895488,1980-06-21,1980,6,21,1980-06-21
1980.546021,18.193754,313.324768,2.4959947267698865,1980-07-18,1980,7,19,1980-07-18
1980.620361,22.524572,1655.807373,3.2190098120931534,1980-08-15,1980,8,15,1980-08-15
1980.694702,21.653028,169.201859,2.228405130269238,1980-09-11,1980,9,11,1980-09-11
1980.769165,21.960032,302.673676,2.4809746513329434,1980-10-08,1980,10,9,1980-10-08
1980.84375,22.209471,362.770355,2.559631790003411,1980-11-04,1980,11,5,1980-11-04
1980.918335,21.869488,391.12738,2.5923182188329896,1980-12-02,1980,12,2,1980-12-02
1980.993042,17.693754,437.017975,2.6404993003177135,1980-12-29,1980,12,30,1980-12-29
1981.067749,20.009441,762.574707,2.882282396541511,1981-01-25,1981,1,26,1981-01-25
1981.1427,20.138697,513.705139,2.7107139103382734,1981-02-22,1981,2,22,1981-02-22
1981.217529,18.887161,559.267761,2.747619785136679,1981-03-21,1981,3,21,1981-03-21
1981.292358,21.028049,218.273972,2.339001951509836,1981-04-17,1981,4,18,1981-04-17
1981.367065,21.470739,306.513855,2.486450110221649,1981-05-14,1981,5,15,1981-05-14
1981.44165,20.654095,695.461121,2.842272856244499,1981-06-11,1981,6,11,1981-06-11
1981.516113,20.451551,157.791595,2.198083866158975,1981-07-08,1981,7,8,1981-07-08
1981.5919544086244,,,,1981-08-05,1981,8,5,1981-08-05
1981.665283,16.226286,1021.93866,3.0094248288485947,1981-08-31,1981,9,1,1981-08-31
1981.73999,16.605339,720.923889,2.857889416824689,1981-09-28,1981,9,28,1981-09-28
1981.814697,14.404058,267.81955,2.427842275989004,1981-10-25,1981,10,25,1981-10-25
1981.889404,13.724747,698.875854,2.844400035958571,1981-11-21,1981,11,22,1981-11-21
1981.964355,14.685529,268.324554,2.4286604161634977,1981-12-18,1981,12,19,1981-12-18
1982.039185,17.467371,120.639297,2.0814887977737895,1982-01-15,1982,1,15,1982-01-15
1982.114014,14.715047,343.323334,2.5357033212907654,1982-02-11,1982,2,11,1982-02-11
1982.188965,12.232615,105.406998,2.0228694447654814,1982-03-10,1982,3,11,1982-03-10
1982.2640357227926,,,,1982-04-07,1982,4,7,1982-04-07
1982.338501,16.791019,106.54776,2.027544323784004,1982-05-04,1982,5,4,1982-05-04
1982.413208,18.014055,165.200424,2.218011157637051,1982-05-31,1982,5,31,1982-05-31
1982.487671,18.499407,174.174377,2.240984265792247,1982-06-27,1982,6,28,1982-06-27
1982.562256,18.271723,142.901138,2.1550356873294763,1982-07-25,1982,7,25,1982-07-25
1982.636719,18.785872,183.521805,2.263687672013627,1982-08-21,1982,8,21,1982-08-21
1982.711426,17.940973,178.169769,2.250834016927198,1982-09-17,1982,9,17,1982-09-17
1982.786133,16.16749,266.95636,2.426440272000454,1982-10-14,1982,10,15,1982-10-14
1982.86084,13.928905,237.652573,2.3759425206448856,1982-11-11,1982,11,11,1982-11-11
1982.935669,12.987029,503.269806,2.7018008753982463,1982-12-08,1982,12,8,1982-12-08
1983.010498,13.99993,482.001801,2.6830486609834567,1983-01-04,1983,1,4,1983-01-04
1983.085449,14.146613,1661.283081,3.220443642108929,1983-02-01,1983,2,1,1983-02-01
1983.1604,13.602583,1220.972534,3.086705894521128,1983-02-28,1983,2,28,1983-02-28
1983.235229,12.403881,3615.81958,3.558206752177978,1983-03-27,1983,3,27,1983-03-27
1983.309937,14.183722,324.898315,2.511747458996261,1983-04-24,1983,4,23,1983-04-24
1983.384644,15.14862,338.304047,2.5293071931153692,1983-05-21,1983,5,21,1983-05-21
1983.459229,12.840141,216.402069,2.3352614087034205,1983-06-17,1983,6,17,1983-06-17
1983.533691,13.910771,170.863678,2.2326497507212677,1983-07-14,1983,7,14,1983-07-14
1983.608276,12.459607,188.28894,2.274824810520973,1983-08-11,1983,8,10,1983-08-11
1983.682861,12.050885,172.417938,2.236582446924629,1983-09-07,1983,9,7,1983-09-07
1983.757568,11.134075,171.443466,2.234120938070278,1983-10-04,1983,10,4,1983-10-04
1983.832275,10.385516,146.535721,2.1659435055241234,1983-10-31,1983,10,31,1983-10-31
1983.907104,10.376638,129.186874,2.1112183895184993,1983-11-28,1983,11,28,1983-11-28
1983.981934,9.504344,110.041573,2.041556789826855,1983-12-25,1983,12,25,1983-12-25
1984.056763,9.688582,88.3321,1.9461185554405376,1984-01-21,1984,1,21,1984-01-21
1984.13147,11.291304,89.575401,1.952188761037952,1984-02-18,1984,2,17,1984-02-18
1984.206177,13.074425,96.078308,1.982625346260652,1984-03-16,1984,3,16,1984-03-16
1984.280762,14.153729,93.36013,1.970161447774282,1984-04-12,1984,4,12,1984-04-12
1984.355225,11.229544,98.539833,1.9936118219206242,1984-05-10,1984,5,9,1984-05-10
1984.429688,11.417434,122.156792,2.0869176190467957,1984-06-06,1984,6,6,1984-06-06
1984.504028,11.814831,475.426941,2.6770837882380167,1984-07-03,1984,7,3,1984-07-03
1984.578247,10.649837,101.354431,2.0058427398744567,1984-07-30,1984,7,30,1984-07-30
1984.65271,11.223318,83.293747,1.920612399422073,1984-08-26,1984,8,27,1984-08-26
1984.727173,10.424532,68.852089,1.8379171214616357,1984-09-23,1984,9,23,1984-09-23
1984.801636,10.17113,55.158478,1.7416122740861022,1984-10-20,1984,10,20,1984-10-20
1984.876221,9.309148,48.557251,1.6862540917960953,1984-11-16,1984,11,17,1984-11-16
1984.950806,8.221664,38.945019,1.5904519200536527,1984-12-13,1984,12,14,1984-12-13
1985.025513,7.706739,31.312294,1.4957148860470078,1985-01-10,1985,1,10,1985-01-10
1985.100342,5.822703,24.826246,1.3949110544421364,1985-02-06,1985,2,7,1985-02-06
1985.175293,5.623748,21.461899,1.3316681467414528,1985-03-05,1985,3,6,1985-03-05
1985.250122,4.809483,20.904697,1.3202438771157243,1985-04-02,1985,4,2,1985-04-02
1985.324829,4.919234,24.470654,1.3886455764133205,1985-04-29,1985,4,29,1985-04-29
1985.399536,4.249063,20.688408,1.3157270724242434,1985-05-26,1985,5,27,1985-05-26
1985.473999,4.840775,28.107452,1.4488214776780424,1985-06-23,1985,6,23,1985-06-23
1985.548584,4.149209,19.858828,1.2979536143430477,1985-07-20,1985,7,20,1985-07-20
1985.623169,5.968637,29.252201,1.4661585489205045,1985-08-16,1985,8,16,1985-08-16
1985.697754,4.972054,19.620258,1.2927047139124124,1985-09-12,1985,9,13,1985-09-12
1985.772461,4.541074,17.223387,1.2361185600542295,1985-10-09,1985,10,10,1985-10-09
1985.847168,5.562862,38.245129,1.5825761301267562,1985-11-06,1985,11,6,1985-11-06
1985.921997,5.170888,34.95924,1.5435619826753533,1985-12-03,1985,12,3,1985-12-03
1985.996826,4.860128,44.566746,1.6490109256312875,1985-12-30,1985,12,31,1985-12-30
1986.071777,5.510725,57.472332,1.7594588194441956,1986-01-27,1986,1,27,1986-01-27
1986.146606,6.889094,30.413593,1.4830677298415154,1986-02-23,1986,2,23,1986-02-23
1986.221558,6.889094,30.413593,1.4830677298415154,1986-03-22,1986,3,22,1986-03-22
1986.296265,4.292306,22.9499,1.3607807975184736,1986-04-19,1986,4,19,1986-04-19
1986.370972,4.463575,21.671064,1.3358802347155168,1986-05-16,1986,5,16,1986-05-16
1986.445557,3.901336,19.995773,1.3009381978241525,1986-06-12,1986,6,12,1986-06-12
1986.520142,3.476729,15.679855,1.1953420422137866,1986-07-09,1986,7,10,1986-07-09
1986.594604,3.599411,16.461203,1.2164615706800463,1986-08-06,1986,8,6,1986-08-06
1986.669189,3.528129,14.527063,1.162177819953652,1986-09-02,1986,9,2,1986-09-02
1986.743896,3.532188,13.737696,1.1379139016907804,1986-09-29,1986,9,29,1986-09-29
1986.818604,7.037785,22.868561,1.3592388375660196,1986-10-26,1986,10,27,1986-10-26
1986.893433,4.033373,11.738246,1.0696032068407892,1986-11-23,1986,11,23,1986-11-23
1986.968262,3.781752,12.480378,1.0962277392589117,1986-12-20,1986,12,20,1986-12-20
1987.043091,2.845191,8.266644,0.9173292352974709,1987-01-16,1987,1,16,1987-01-16
1987.118042,2.946713,8.177504,0.9126207652308319,1987-02-13,1987,2,13,1987-02-13
1987.192871,2.681339,10.060499,1.0026195222280505,1987-03-12,1987,3,12,1987-03-12
1987.2677,2.447201,16.272379,1.211451050849798,1987-04-08,1987,4,8,1987-04-08
1987.342529,2.84432,14.509216,1.1616439461336225,1987-05-06,1987,5,5,1987-05-06
1987.417114,9.332833,47.571049,1.6773427282516966,1987-06-02,1987,6,2,1987-06-02
1987.491577,5.942809,33.524895,1.5253674263150754,1987-06-29,1987,6,29,1987-06-29
1987.566162,5.934569,43.29789,1.6364667327578784,1987-07-26,1987,7,26,1987-07-26
1987.640747,7.774165,52.866249,1.723178497157664,1987-08-22,1987,8,22,1987-08-22
1987.715332,12.966183,39.74139,1.599243052979451,1987-09-19,1987,9,19,1987-09-19
1987.790039,6.379752,23.119341,1.363975450676584,1987-10-16,1987,10,16,1987-10-16
1987.864868,8.225894,48.176792,1.6828378777901218,1987-11-12,1987,11,12,1987-11-12
1987.939697,6.366512,36.211712,1.5588490576691805,1987-12-09,1987,12,9,1987-12-09
1988.014526,8.04463,45.86763,1.661506300530647,1988-01-06,1988,1,6,1988-01-06
1988.089233,8.814005,52.855629,1.7230912454458975,1988-02-02,1988,2,2,1988-02-02
1988.16394,10.882278,87.106613,1.9400511272279566,1988-03-01,1988,2,29,1988-03-01
1988.238647,13.425359,100.080284,2.000348529094015,1988-03-28,1988,3,28,1988-03-28
1988.313232,9.89832,57.545692,1.7600128169204987,1988-04-24,1988,4,24,1988-04-24
1988.387695,15.694777,319.10434,2.503932710884936,1988-05-21,1988,5,21,1988-05-21
1988.462036,14.287042,456.051422,2.6590138142253217,1988-06-18,1988,6,18,1988-06-18
1988.536255,12.362549,778.024841,2.8909934634896852,1988-07-15,1988,7,15,1988-07-15
1988.610596,16.752262,210.165878,2.322562206462757,1988-08-11,1988,8,11,1988-08-11
1988.685059,17.919046,372.737396,2.5714029668394596,1988-09-07,1988,9,8,1988-09-07
1988.759521,19.380022,455.650757,2.6586320961296495,1988-10-04,1988,10,5,1988-10-04
1988.834106,16.861078,116.152039,2.0650268380594228,1988-11-01,1988,11,1,1988-11-01
1988.910173162902,,,,1988-11-29,1988,11,29,1988-11-29
1988.983276,17.304764,569.275269,2.7553223171856405,1988-12-25,1988,12,26,1988-12-25
1989.057983,19.007317,224.987427,2.3521582490576303,1989-01-22,1989,1,22,1989-01-22
1989.132935,20.733406,466.218933,2.668589906101047,1989-02-18,1989,2,18,1989-02-18
1989.2088759691992,,,,1989-03-18,1989,3,18,1989-03-18
1989.282593,18.411699,711.666138,2.8522763020225024,1989-04-14,1989,4,14,1989-04-14
1989.3573,21.804478,971.358887,2.9873797179069466,1989-05-11,1989,5,11,1989-05-11
1989.431885,18.543665,331.60968,2.5206271995296996,1989-06-07,1989,6,8,1989-06-07
1989.50647,20.559351,176.769348,2.2474069600630844,1989-07-04,1989,7,5,1989-07-04
1989.580933,17.875715,905.677551,2.9569736030329743,1989-08-01,1989,8,1,1989-08-01
1989.655518,19.398283,362.451904,2.5592503854912656,1989-08-28,1989,8,28,1989-08-28
1989.730225,20.054785,661.968689,2.8208374478745735,1989-09-24,1989,9,25,1989-09-24
1989.8062815817934,,,,1989-10-22,1989,10,22,1989-10-22
1989.879761,19.345488,442.36145,2.64577727294909,1989-11-18,1989,11,18,1989-11-18
1989.95459,20.201977,352.790436,2.547516803079041,1989-12-15,1989,12,15,1989-12-15
1990.029419,20.590292,355.548248,2.5508985429515163,1990-01-11,1990,1,12,1990-01-11
1990.10437,22.11002,536.830811,2.7298374338809004,1990-02-08,1990,2,8,1990-02-08
1990.179199,17.435387,371.83432,2.5703494723071514,1990-03-07,1990,3,7,1990-03-07
1990.254028,19.854233,250.554932,2.3989029559481954,1990-04-03,1990,4,3,1990-04-03
1990.328857,19.874508,623.988647,2.7951766880957147,1990-05-01,1990,5,1,1990-05-01
1990.403442,18.780264,199.738861,2.300462569006691,1990-05-28,1990,5,28,1990-05-28
1990.478027,20.248987,230.690521,2.36302974986583,1990-06-24,1990,6,24,1990-06-24
1990.55249,17.778704,671.115906,2.82679753207537,1990-07-21,1990,7,21,1990-07-21
1990.627075,22.067654,250.167908,2.3982315968344943,1990-08-17,1990,8,18,1990-08-17
1990.70166,20.264738,1234.981934,3.0916606045418407,1990-09-14,1990,9,14,1990-09-14
1990.776367,19.105623,2240.39624,3.350324835131937,1990-10-11,1990,10,11,1990-10-11
1990.851196,20.897701,700.649475,2.845500800924655,1990-11-07,1990,11,7,1990-11-07
1990.925903,22.094038,962.483337,2.983393219519142,1990-12-04,1990,12,5,1990-12-04
1991.000854,19.319267,1070.137329,3.029439513572976,1991-01-01,1991,1,1,1991-01-01
1991.075684,22.143829,2989.238037,3.4755604998634393,1991-01-28,1991,1,28,1991-01-28
1991.150635,18.905869,1317.889038,3.1198788456047493,1991-02-24,1991,2,24,1991-02-24
1991.225464,18.437681,711.108704,2.851935994455253,1991-03-24,1991,3,24,1991-03-24
1991.300293,19.33428,611.443237,2.7863561457518435,1991-04-20,1991,4,20,1991-04-20
1991.375,19.117657,394.292847,2.5958188984614883,1991-05-17,1991,5,17,1991-05-17
1991.449463,18.133585,464.628265,2.667105625955278,1991-06-14,1991,6,13,1991-06-14
1991.524048,20.278814,2229.765381,3.348259168385577,1991-07-11,1991,7,11,1991-07-11
1991.598511,19.526295,882.498108,2.9457137829708624,1991-08-07,1991,8,7,1991-08-07
1991.673096,19.707935,599.826782,2.778025852912579,1991-09-03,1991,9,3,1991-09-03
1991.747803,18.633736,442.841522,2.6462483347226082,1991-09-30,1991,9,30,1991-09-30
1991.822632,16.630772,1854.044434,3.268120138227985,1991-10-28,1991,10,28,1991-10-28
1991.897339,16.369961,335.62439,2.525853513710671,1991-11-24,1991,11,24,1991-11-24
1991.972168,15.782411,366.565063,2.5641510703661012,1991-12-21,1991,12,21,1991-12-21
1992.046997,12.119573,1488.398682,3.1727192767752017,1992-01-18,1992,1,18,1992-01-18
1992.121704,10.762553,420.532501,2.6237995660304847,1992-02-14,1992,2,14,1992-02-14
1992.196411,11.711514,176.528442,2.2468146882423485,1992-03-12,1992,3,12,1992-03-12
1992.271118,12.735667,152.108368,2.1821531067305693,1992-04-09,1992,4,9,1992-04-09
1992.345581,10.770403,1955.49231,3.291256112422574,1992-05-06,1992,5,6,1992-05-06
1992.419922,8.405857,153.469086,2.1860209066423146,1992-06-02,1992,6,2,1992-06-02
1992.494263,9.59936,156.616119,2.1948364578017436,1992-06-29,1992,6,30,1992-06-29
1992.568604,12.668201,214.510895,2.3314493548807356,1992-07-27,1992,7,27,1992-07-27
1992.642944,14.06609,346.626526,2.5398617945424147,1992-08-23,1992,8,23,1992-08-23
1992.717407,13.864118,106.100121,2.0257158791850576,1992-09-19,1992,9,20,1992-09-19
1992.791992,10.720176,70.061501,1.8454794374212167,1992-10-16,1992,10,17,1992-10-16
1992.866455,11.22193,319.932037,2.5050577311615267,1992-11-13,1992,11,13,1992-11-13
1992.941162,13.557034,54.549191,1.7367883141023408,1992-12-10,1992,12,11,1992-12-10
1993.015747,13.422375,63.345974,1.801719018191116,1993-01-06,1993,1,7,1993-01-06
1993.090576,14.67663,128.438461,2.1086950930388744,1993-02-03,1993,2,3,1993-02-03
1993.165527,14.692296,94.993523,1.9776939945387972,1993-03-02,1993,3,2,1993-03-02
1993.240356,12.313452,131.079651,2.1175352764013975,1993-03-29,1993,3,30,1993-03-29
1993.315186,10.790898,132.911758,2.1235634023772088,1993-04-26,1993,4,26,1993-04-26
1993.389771,10.583772,283.563019,2.452649591491749,1993-05-23,1993,5,23,1993-05-23
1993.464355,11.539223,251.383575,2.4003368981713433,1993-06-19,1993,6,19,1993-06-19
1993.538818,11.789508,168.055603,2.225452996492598,1993-07-16,1993,7,17,1993-07-16
1993.613403,11.886896,247.325333,2.3932686024859886,1993-08-12,1993,8,13,1993-08-12
1993.687988,11.430257,117.961655,2.07174085706665,1993-09-09,1993,9,9,1993-09-09
1993.762695,9.687871,49.445011,1.6941224778446993,1993-10-06,1993,10,6,1993-10-06
1993.837524,8.170527,81.406754,1.91066043809864,1993-11-02,1993,11,3,1993-11-02
1993.912231,9.749399,81.802078,1.9127643360976159,1993-11-29,1993,11,30,1993-11-29
1993.987061,11.448224,339.820648,2.5312497637031957,1993-12-27,1993,12,27,1993-12-27
1994.062012,12.185028,121.514175,2.084626942668501,1994-01-23,1994,1,23,1994-01-23
1994.136841,12.371922,105.822403,2.0245776192050235,1994-02-19,1994,2,20,1994-02-19
1994.211792,11.583866,104.56868,2.019401625831503,1994-03-19,1994,3,19,1994-03-19
1994.286621,11.450486,181.67804,2.259302435931097,1994-04-15,1994,4,15,1994-04-15
1994.361328,10.934816,260.239258,2.4153728120054105,1994-05-12,1994,5,12,1994-05-12
1994.435913,9.936998,78.040375,1.8923193476015094,1994-06-09,1994,6,9,1994-06-09
1994.510376,8.30547,35.255478,1.5472266072942995,1994-07-06,1994,7,6,1994-07-06
1994.584961,7.057873,30.295753,1.4813817513425587,1994-08-02,1994,8,2,1994-08-02
1994.659546,6.723531,31.911053,1.5039411352666592,1994-08-29,1994,8,29,1994-08-29
1994.734131,7.738409,42.707001,1.6304990751758082,1994-09-25,1994,9,26,1994-09-25
1994.808838,6.820103,36.708637,1.5647682593509442,1994-10-23,1994,10,23,1994-10-23
1994.883667,6.449736,37.38348,1.5726797270708994,1994-11-19,1994,11,19,1994-11-19
1994.958496,7.355509,49.274082,1.6926185419104218,1994-12-16,1994,12,17,1994-12-16
1995.033325,7.94695,52.10334,1.7168655639343842,1995-01-13,1995,1,13,1995-01-13
1995.108276,7.452687,61.974514,1.7922131297448887,1995-02-09,1995,2,9,1995-02-09
1995.183228,6.552963,49.069847,1.690814703850911,1995-03-08,1995,3,8,1995-03-08
1995.258057,8.242644,56.922733,1.7552857434559037,1995-04-05,1995,4,5,1995-04-05
1995.332764,7.981844,64.13739,1.8071112828194111,1995-05-02,1995,5,2,1995-05-02
1995.407349,8.13777,61.361385,1.7878951535985048,1995-05-29,1995,5,29,1995-05-29
1995.481934,8.174216,57.562778,1.760141744975442,1995-06-25,1995,6,25,1995-06-25
1995.556396,7.354506,42.845535,1.6319055701122438,1995-07-23,1995,7,23,1995-07-23
1995.630981,5.641893,35.498352,1.5502081915362378,1995-08-19,1995,8,19,1995-08-19
1995.705566,5.812277,37.413948,1.5730335383010525,1995-09-15,1995,9,15,1995-09-15
1995.780396,5.236233,42.048626,1.6237518091620549,1995-10-12,1995,10,12,1995-10-12
1995.855103,4.84765,35.043297,1.5446049594123394,1995-11-09,1995,11,9,1995-11-09
1995.929932,4.370592,19.644083,1.2932317604405195,1995-12-06,1995,12,6,1995-12-06
1996.004761,3.070426,13.544503,1.1317630737237432,1996-01-02,1996,1,2,1996-01-02
1996.079468,2.764459,12.487626,1.0964798832823792,1996-01-30,1996,1,29,1996-01-30
1996.154175,3.774964,12.624649,1.101219312376266,1996-02-26,1996,2,26,1996-02-26
1996.228882,4.86329,12.736302,1.1050433483975624,1996-03-24,1996,3,24,1996-03-24
1996.303467,4.230908,18.83971,1.275074213405421,1996-04-21,1996,4,20,1996-04-21
1996.37793,3.77257,19.068203,1.2803097667766397,1996-05-18,1996,5,18,1996-05-18
1996.452271,3.880391,20.499628,1.311745980128285,1996-06-14,1996,6,14,1996-06-14
1996.526611,6.126053,28.559837,1.4557557244555879,1996-07-11,1996,7,11,1996-07-11
1996.600952,7.186823,30.203901,1.4800630381016102,1996-08-07,1996,8,8,1996-08-07
1996.675293,8.704251,49.324482,1.6930625330378042,1996-09-04,1996,9,4,1996-09-04
1996.749878,9.500316,46.789696,1.6701502235219219,1996-10-01,1996,10,1,1996-10-01
1996.824341,6.555377,33.851936,1.5295835111326521,1996-10-28,1996,10,29,1996-10-28
1996.898926,4.474038,21.261326,1.3275903465713286,1996-11-25,1996,11,25,1996-11-25
1996.973633,7.094233,38.930405,1.590288921785212,1996-12-22,1996,12,22,1996-12-22
1997.04834,7.282663,51.898754,1.7151569313085693,1997-01-18,1997,1,19,1997-01-18
1997.123169,5.372578,24.990686,1.3977781777721274,1997-02-14,1997,2,15,1997-02-14
1997.19812,5.369591,20.868885,1.3194992458415329,1997-03-14,1997,3,14,1997-03-14
1997.272949,5.20055,27.83007,1.4445142987011108,1997-04-10,1997,4,10,1997-04-10
1997.347656,6.034119,22.346985,1.3492189374818555,1997-05-07,1997,5,8,1997-05-07
1997.422241,4.213734,21.400032,1.3304144227610146,1997-06-04,1997,6,4,1997-06-04
1997.496704,5.039139,27.963316,1.4465886704753261,1997-07-01,1997,7,1,1997-07-01
1997.571289,5.823434,30.211571,1.480173309149202,1997-07-28,1997,7,28,1997-07-28
1997.645874,11.325975,78.365135,1.894122886091171,1997-08-24,1997,8,25,1997-08-24
1997.720459,11.910704,84.138741,1.9249960092159963,1997-09-20,1997,9,21,1997-09-20
1997.795166,6.227483,33.332417,1.5228668063609287,1997-10-18,1997,10,18,1997-10-18
1997.869995,3.517322,29.301172,1.4668849917859592,1997-11-14,1997,11,15,1997-11-14
1997.944824,8.216858,78.494026,1.8948366048476455,1997-12-11,1997,12,12,1997-12-11
1998.019653,6.812089,43.359745,1.6370867194385748,1998-01-08,1998,1,8,1998-01-08
1998.094604,12.301438,82.789337,1.9179744046560265,1998-02-04,1998,2,4,1998-02-04
1998.169434,8.952653,36.985806,1.5680350873488178,1998-03-03,1998,3,4,1998-03-03
1998.244385,16.253134,281.172882,2.448973432401578,1998-03-31,1998,3,31,1998-03-31
1998.319092,15.813673,380.628082,2.5805008265357006,1998-04-27,1998,4,27,1998-04-27
1998.393799,12.578657,128.306992,2.1082503235945516,1998-05-24,1998,5,24,1998-05-24
1998.468262,16.53644,138.153671,2.140362429418011,1998-06-20,1998,6,21,1998-06-20
1998.542847,17.635334,323.864288,2.510363061688437,1998-07-18,1998,7,18,1998-07-18
1998.61731,12.570169,257.765961,2.411225566524368,1998-08-14,1998,8,14,1998-08-14
1998.692017,14.300272,754.195374,2.8774838642504093,1998-09-10,1998,9,10,1998-09-10
1998.766602,11.8298,252.885071,2.4029231916469165,1998-10-07,1998,10,8,1998-10-07
1998.841431,13.450814,339.65683,2.5310403520387372,1998-11-04,1998,11,4,1998-11-04
1998.91626,19.416157,743.191528,2.8711007502807657,1998-12-01,1998,12,1,1998-12-01
1998.991089,18.721113,209.339386,2.32085094603218,1998-12-28,1998,12,28,1998-12-28
1999.065918,18.439299,408.91629,2.611634411890095,1999-01-25,1999,1,25,1999-01-25
1999.140869,21.08662,296.430634,2.4719230828757413,1999-02-21,1999,2,21,1999-02-21
1999.215698,20.164608,366.028992,2.5635154858505773,1999-03-20,1999,3,20,1999-03-20
1999.290527,18.551563,287.80722,2.4591016845513463,1999-04-17,1999,4,16,1999-04-17
1999.365234,22.579355,617.706909,2.7907824589122363,1999-05-14,1999,5,14,1999-05-14
1999.439819,18.78385,595.404053,2.7748117866250226,1999-06-10,1999,6,10,1999-06-10
1999.514282,20.592587,397.342194,2.599164685489251,1999-07-07,1999,7,7,1999-07-07
1999.588867,17.649055,402.439972,2.604701110111707,1999-08-03,1999,8,3,1999-08-03
1999.663452,20.988766,459.530914,2.662314732975683,1999-08-31,1999,8,31,1999-08-31
1999.738159,18.806318,441.258789,2.644693368766842,1999-09-27,1999,9,27,1999-09-27
1999.812866,19.197771,1032.974609,3.014089646488918,1999-10-24,1999,10,24,1999-10-24
1999.887501294319,,,,1999-11-20,1999,11,20,1999-11-20
1999.962402,21.256525,1392.705444,3.1438592732277177,1999-12-18,1999,12,18,1999-12-18
2000.037354,21.255339,1637.074585,3.2140684662879564,2000-01-14,2000,1,14,2000-01-14
2000.112061,18.27874,960.928711,2.982691169595984,2000-02-11,2000,2,10,2000-02-11
2000.186768,20.843147,812.853455,2.910012256022733,2000-03-09,2000,3,9,2000-03-09
2000.261353,17.997807,836.244751,2.9223334047742173,2000-04-05,2000,4,5,2000-04-05
2000.335938,19.097281,418.548645,2.621745940291873,2000-05-02,2000,5,2,2000-05-02
2000.410278,20.541544,463.594299,2.6661380866356805,2000-05-30,2000,5,30,2000-05-30
2000.484619,22.570419,267.743195,2.427718441552423,2000-06-26,2000,6,26,2000-06-26
2000.55896,20.560478,201.883255,2.305100298326075,2000-07-23,2000,7,23,2000-07-23
2000.633301,18.697405,381.286591,2.5812515323727903,2000-08-19,2000,8,20,2000-08-19
2000.707764,20.919121,1863.289673,3.270280376960682,2000-09-16,2000,9,16,2000-09-16
2000.782227,20.354189,8126.039551,3.9098789317904483,2000-10-13,2000,10,13,2000-10-13
2000.856812,20.830767,617.745178,2.790809364068184,2000-11-09,2000,11,10,2000-11-09
2000.931396,18.377502,482.226715,2.683251266297972,2000-12-06,2000,12,7,2000-12-06
2001.006104,18.625599,564.887817,2.751962208358688,2001-01-03,2001,1,3,2001-01-03
2001.080811,14.143457,202.66893,2.306787174623905,2001-01-30,2001,1,31,2001-01-30
2001.155762,15.196129,191.856964,2.2829775677870385,2001-02-26,2001,2,27,2001-02-26
2001.230591,11.475813,167.611954,2.2243049890621736,2001-03-26,2001,3,26,2001-03-26
2001.30542,16.360691,160.189484,2.2046340024431297,2001-04-22,2001,4,22,2001-04-22
2001.380127,22.149342,745.425354,2.872404160238364,2001-05-19,2001,5,20,2001-05-19
2001.454712,19.064251,220.087067,2.342594522809779,2001-06-15,2001,6,16,2001-06-15
2001.529175,19.452816,470.2742,2.6723511533049056,2001-07-13,2001,7,13,2001-07-13
2001.60376,19.647856,211.071182,2.3244289422004822,2001-08-09,2001,8,9,2001-08-09
2001.678345,16.702404,1471.880005,3.1678724055921315,2001-09-05,2001,9,6,2001-09-05
2001.75293,14.371796,442.748322,2.6461569239049774,2001-10-02,2001,10,3,2001-10-02
2001.827759,15.287014,4270.227051,3.6304509673844763,2001-10-30,2001,10,30,2001-10-30
2001.902466,18.200338,207.619385,2.3172679002626264,2001-11-26,2001,11,26,2001-11-26
2001.977417,19.878916,267.417267,2.4271894460101526,2001-12-23,2001,12,24,2001-12-23
2002.052246,20.777037,304.928436,2.484197926241539,2002-01-20,2002,1,20,2002-01-20
2002.127772341547,,,,2002-02-16,2002,2,16,2002-02-16
2002.202026,19.739996,464.081818,2.6665945537735847,2002-03-15,2002,3,15,2002-03-15
2002.276855,18.531818,259.49649,2.4141314878725657,2002-04-12,2002,4,12,2002-04-12
2002.351563,17.236368,149.107971,2.173500860547457,2002-05-09,2002,5,9,2002-05-09
2002.426147,16.738346,126.939575,2.1035970399408823,2002-06-05,2002,6,5,2002-06-05
2002.500732,17.605963,111.088432,2.0456688367974287,2002-07-02,2002,7,2,2002-07-02
2002.575195,18.669876,120.48671,2.0809391457326822,2002-07-29,2002,7,30,2002-07-29
2002.64978,15.025817,106.051941,2.0255186215359866,2002-08-26,2002,8,26,2002-08-26
2002.724487,18.812428,497.618042,2.6968961180633797,2002-09-22,2002,9,22,2002-09-22
2002.799194,17.344692,420.134796,2.623388651747445,2002-10-19,2002,10,19,2002-10-19
2002.873901,15.914763,225.507782,2.353161533448317,2002-11-15,2002,11,16,2002-11-15
2002.94873,16.664362,318.070251,2.5025230515948933,2002-12-13,2002,12,13,2002-12-13
2003.023682,18.553102,523.442749,2.7188691881102587,2003-01-09,2003,1,9,2003-01-09
2003.098511,18.757824,380.711945,2.5805965032031333,2003-02-05,2003,2,5,2003-02-05
2003.173462,18.858238,400.338196,2.602427027828477,2003-03-05,2003,3,5,2003-03-05
2003.248291,18.747135,178.225693,2.2509703120678206,2003-04-01,2003,4,1,2003-04-01
2003.322998,19.145689,173.22142,2.2386015944516204,2003-04-28,2003,4,28,2003-04-28
2003.397705,18.903561,445.59021,2.6489356404473496,2003-05-26,2003,5,25,2003-05-26
2003.472168,17.137466,301.205322,2.478862641150221,2003-06-22,2003,6,22,2003-06-22
2003.546753,18.135651,303.330902,2.481916656550171,2003-07-19,2003,7,19,2003-07-19
2003.621338,17.14135,400.253143,2.6023347509153782,2003-08-15,2003,8,15,2003-08-15
2003.695923,16.964338,349.475403,2.5434166143669987,2003-09-12,2003,9,12,2003-09-12
2003.77063,15.793937,243.621063,2.3867148338344895,2003-10-09,2003,10,9,2003-10-09
2003.845337,19.02537,827.62323,2.9178326720845953,2003-11-05,2003,11,5,2003-11-05
2003.920166,17.270136,724.185913,2.859850072585564,2003-12-02,2003,12,2,2003-12-02
2003.994995,18.294289,202.504761,2.3064352381764754,2003-12-30,2003,12,30,2003-12-30
2004.069824,18.783606,604.10614,2.781113249824099,2004-01-26,2004,1,26,2004-01-26
2004.144531,16.32268,140.294952,2.1470420448132104,2004-02-22,2004,2,22,2004-02-22
2004.219238,15.554484,105.095268,2.021583162005849,2004-03-21,2004,3,21,2004-03-21
2004.293823,16.113874,175.96109,2.245416643572608,2004-04-17,2004,4,17,2004-04-17
2004.368286,15.192315,940.731628,2.9734657455290985,2004-05-14,2004,5,14,2004-05-14
2004.442627,16.009544,422.398407,2.6257222716649267,2004-06-11,2004,6,11,2004-06-11
2004.516968,16.292171,207.027557,2.3160281573240415,2004-07-08,2004,7,8,2004-07-08
2004.591309,14.847111,240.728668,2.3815278128044493,2004-08-04,2004,8,4,2004-08-04
2004.665649,11.896348,202.497253,2.3064191361184223,2004-08-31,2004,9,1,2004-08-31
2004.740112,12.720108,377.813354,2.5772773042105257,2004-09-27,2004,9,28,2004-09-27
2004.814697,10.965366,142.244385,2.153035131927245,2004-10-25,2004,10,25,2004-10-25
2004.889282,14.149203,331.612366,2.520630717250455,2004-11-21,2004,11,22,2004-11-21
2004.963867,15.30145,5092.134766,3.706899888963482,2004-12-18,2004,12,19,2004-12-18
2005.038574,15.280588,1149.591797,3.060543656195806,2005-01-15,2005,1,15,2005-01-15
2005.113403,16.961006,123.840904,2.0928641135647434,2005-02-11,2005,2,11,2005-02-11
2005.188354,15.519976,201.046249,2.3032959747092687,2005-03-10,2005,3,11,2005-03-10
2005.263184,14.774834,343.164764,2.5355026883084286,2005-04-07,2005,4,7,2005-04-07
2005.337891,11.764487,271.596985,2.4339249445291906,2005-05-04,2005,5,4,2005-05-04
2005.412476,11.201665,727.126038,2.861609696778713,2005-05-31,2005,5,31,2005-05-31
2005.487061,11.80451,162.675003,2.2113208234150123,2005-06-27,2005,6,28,2005-06-27
2005.561523,11.960047,219.489502,2.341413753131665,2005-07-24,2005,7,25,2005-07-24
2005.636108,11.193135,197.171646,2.2948444619688058,2005-08-21,2005,8,21,2005-08-21
2005.710815,13.444134,475.781158,2.6774072390071364,2005-09-17,2005,9,17,2005-09-17
2005.785522,12.323778,288.357239,2.459930858532739,2005-10-14,2005,10,15,2005-10-14
2005.860229,11.937676,458.486969,2.6613269967741613,2005-11-10,2005,11,11,2005-11-10
2005.935059,13.165171,971.222412,2.9873186956583067,2005-12-08,2005,12,8,2005-12-08
2006.009888,11.642399,413.740387,2.616727916339414,2006-01-04,2006,1,4,2006-01-04
2006.084839,8.71203,116.59079,2.066664245018563,2006-01-31,2006,2,1,2006-01-31
2006.159668,11.367929,113.227135,2.053950518447307,2006-02-28,2006,2,28,2006-02-28
2006.234619,10.754342,114.375519,2.0583330777702398,2006-03-27,2006,3,27,2006-03-27
2006.309326,12.125443,220.580521,2.3435671581688693,2006-04-23,2006,4,24,2006-04-23
2006.384033,10.874566,142.565704,2.154015062998691,2006-05-21,2006,5,21,2006-05-21
2006.458618,10.535161,153.589813,2.186362411629072,2006-06-17,2006,6,17,2006-06-17
2006.533081,9.832217,230.857819,2.3633445884000364,2006-07-14,2006,7,14,2006-07-14
2006.607666,10.701659,143.217224,2.1559952514797303,2006-08-10,2006,8,11,2006-08-10
2006.682251,10.489,116.885666,2.067761255740172,2006-09-07,2006,9,7,2006-09-07
2006.756958,8.33464,116.238213,2.0653489246708605,2006-10-04,2006,10,4,2006-10-04
2006.831665,8.396087,117.568512,2.07029102160613,2006-10-31,2006,10,31,2006-10-31
2006.906494,10.402102,87.883675,1.9439082093642006,2006-11-27,2006,11,28,2006-11-27
2006.981323,10.967064,126.002739,2.1003799857497616,2006-12-25,2006,12,25,2006-12-25
2007.056152,10.451326,132.722504,2.1229445666805917,2007-01-21,2007,1,21,2007-01-21
2007.131104,9.77027,230.658539,2.362969536862936,2007-02-17,2007,2,17,2007-02-17
2007.206055,9.678192,84.910126,1.9289594853404237,2007-03-17,2007,3,17,2007-03-17
2007.280762,11.405842,87.291817,1.940973533530155,2007-04-13,2007,4,13,2007-04-13
2007.355469,11.259468,77.708382,1.8904678664201224,2007-05-10,2007,5,10,2007-05-10
2007.430054,11.832168,74.711632,1.873388223236249,2007-06-06,2007,6,6,2007-06-06
2007.504639,9.583685,78.17701,1.8930790561533668,2007-07-04,2007,7,4,2007-07-04
2007.579102,9.145396,64.33757,1.8084646537757654,2007-07-31,2007,7,31,2007-07-31
2007.653687,9.167399,62.445374,1.7955002710418233,2007-08-27,2007,8,27,2007-08-27
2007.728394,8.737835,52.825745,1.7228456306104372,2007-09-23,2007,9,23,2007-09-23
2007.803101,8.832383,49.501534,1.6946186574671565,2007-10-21,2007,10,21,2007-10-21
2007.87793,10.459094,44.054836,1.6439935888623856,2007-11-17,2007,11,17,2007-11-17
2007.952759,10.69684,43.920525,1.6426675227726428,2007-12-14,2007,12,14,2007-12-14
2008.027588,12.016068,51.978577,1.715824385793946,2008-01-11,2008,1,10,2008-01-11
2008.102295,13.664755,63.55418,1.8031441196616185,2008-02-07,2008,2,7,2008-02-07
2008.177002,13.722303,67.069061,1.826522226045837,2008-03-05,2008,3,5,2008-03-05
2008.251587,12.585554,75.757393,1.8794250211008783,2008-04-02,2008,4,1,2008-04-02
2008.326172,13.542725,75.882141,1.8801395759246933,2008-04-29,2008,4,29,2008-04-29
2008.400635,12.623115,67.144348,1.827009460999962,2008-05-26,2008,5,26,2008-05-26
2008.474976,11.7354,60.983978,1.785215750090056,2008-06-22,2008,6,22,2008-06-22
2008.549316,10.072157,46.674667,1.6690812281620186,2008-07-20,2008,7,20,2008-07-20
2008.623657,10.287779,45.09687,1.6541464002171933,2008-08-16,2008,8,16,2008-08-16
2008.697998,10.280159,50.219479,1.7008722028293375,2008-09-12,2008,9,12,2008-09-12
2008.772583,8.784456,36.639324,1.5639474522835293,2008-10-09,2008,10,10,2008-10-09
2008.847046,8.331026,32.526993,1.5122439162216286,2008-11-06,2008,11,6,2008-11-06
2008.921753,7.844837,42.110706,1.6243925225728175,2008-12-03,2008,12,3,2008-12-03
2008.996338,7.048467,30.220499,1.4803016311200576,2008-12-30,2008,12,31,2008-12-30
2009.071045,7.08212,27.239452,1.4351983662447847,2009-01-26,2009,1,27,2009-01-26
2009.145996,7.779414,32.128075,1.5068847049501255,2009-02-23,2009,2,23,2009-02-23
2009.220947,7.364415,29.337233,1.4674191500832803,2009-03-22,2009,3,23,2009-03-22
2009.295654,6.893572,23.710043,1.3749323416055939,2009-04-18,2009,4,19,2009-04-18
2009.370361,5.525854,24.014225,1.3804685754157666,2009-05-16,2009,5,16,2009-05-16
2009.444946,7.090549,28.849546,1.4601389831331302,2009-06-12,2009,6,12,2009-06-12
2009.519409,6.453027,33.096474,1.5197817277965175,2009-07-09,2009,7,10,2009-07-09
2009.593994,6.034717,27.27879,1.4358251024955264,2009-08-05,2009,8,6,2009-08-05
2009.668579,3.707656,17.849909,1.2516360063922685,2009-09-02,2009,9,2,2009-09-02
2009.743286,3.381297,11.961316,1.0777789639414137,2009-09-29,2009,9,29,2009-09-29
2009.817993,4.151577,11.625447,1.065409660564246,2009-10-26,2009,10,27,2009-10-26
2009.892822,8.669016,133.703186,2.126141756145557,2009-11-22,2009,11,23,2009-11-22
2009.967651,12.150626,54.9879,1.740267134196757,2009-12-20,2009,12,20,2009-12-20
2010.04248,15.776945,405.591797,2.608089162908957,2010-01-16,2010,1,16,2010-01-16
2010.117432,14.569946,106.024872,2.025407756824016,2010-02-12,2010,2,13,2010-02-12
2010.192261,14.819244,99.213242,1.9965696413449436,2010-03-12,2010,3,12,2010-03-12
2010.26709,13.139888,123.039017,2.0900428527468464,2010-04-08,2010,4,8,2010-04-08
2010.341797,12.174863,231.477829,2.364509400519997,2010-05-05,2010,5,5,2010-05-05
2010.416504,12.337725,113.372902,2.0545092633911635,2010-06-02,2010,6,2,2010-06-02
2010.490967,8.000404,61.379887,1.7880260845630305,2010-06-29,2010,6,29,2010-06-29
2010.565552,14.065017,188.01149,2.2741843912376956,2010-07-26,2010,7,26,2010-07-26
2010.640015,12.556593,128.771652,2.109820267255182,2010-08-22,2010,8,22,2010-08-22
2010.714722,14.395285,490.165558,2.6903427918282334,2010-09-18,2010,9,19,2010-09-18
2010.789429,13.340659,300.06955,2.4772219269879074,2010-10-16,2010,10,16,2010-10-16
2010.864258,11.412979,81.018036,1.908581711018628,2010-11-12,2010,11,12,2010-11-12
2010.938965,15.256924,148.367004,2.1713373269938105,2010-12-09,2010,12,9,2010-12-09
2011.013916,14.183201,58.136005,1.7644451845367985,2011-01-06,2011,1,6,2011-01-06
2011.088745,17.84341,97.347908,1.988326622997105,2011-02-02,2011,2,2,2011-02-02
2011.163696,19.661783,1852.669189,3.2677978789962694,2011-03-01,2011,3,1,2011-03-01
2011.238525,20.152534,539.569458,2.7320473587213905,2011-03-29,2011,3,28,2011-03-29
2011.3128836351814,,,,2011-04-25,2011,4,25,2011-04-25
2011.387939,18.968792,99.232452,1.9966537227563894,2011-05-22,2011,5,22,2011-05-22
2011.462524,20.674109,534.193115,2.7276982862746895,2011-06-18,2011,6,18,2011-06-18
2011.536987,21.23848,1118.105103,3.0484826295857315,2011-07-16,2011,7,15,2011-07-16
2011.611572,20.143932,146.076477,2.164580286217676,2011-08-12,2011,8,12,2011-08-12
2011.6862621430528,,,,2011-09-08,2011,9,8,2011-09-08
2011.760937844627,,,,2011-10-05,2011,10,5,2011-10-05
2011.8356135462013,,,,2011-11-01,2011,11,1,2011-11-01
2011.9104,20.196407,932.023071,2.969426662873273,2011-11-29,2011,11,29,2011-11-29
2011.98496494935,,,,2011-12-26,2011,12,26,2011-12-26
2012.060059,20.559855,940.550171,2.9733819667203214,2012-01-22,2012,1,22,2012-01-22
2012.134766,19.145109,985.250671,2.9935467393118076,2012-02-19,2012,2,19,2012-02-19
2012.209473,18.828184,1525.469971,3.183403662940499,2012-03-17,2012,3,17,2012-03-17
2012.284058,18.386024,3667.303223,3.5643468201409587,2012-04-13,2012,4,13,2012-04-13
2012.358521,20.40148,1281.38916,3.107681045727251,2012-05-11,2012,5,11,2012-05-11
2012.432983,20.515692,8274.589844,3.91774647581305,2012-06-07,2012,6,7,2012-06-07
2012.507324,19.578318,2674.598389,3.427258578680403,2012-07-04,2012,7,4,2012-07-04
2012.581543,19.659405,707.097351,2.849479210248883,2012-07-31,2012,8,1,2012-07-31
2012.656006,21.429533,1193.996826,3.0770031723105045,2012-08-28,2012,8,28,2012-08-28
2012.7317219650924,,,,2012-09-24,2012,9,24,2012-09-24
2012.804932,19.549114,642.212524,2.8076787706341837,2012-10-21,2012,10,22,2012-10-21
2012.879517,17.294851,754.139038,2.877451422619761,2012-11-17,2012,11,18,2012-11-17
2012.9557490698153,,,,2012-12-15,2012,12,15,2012-12-15
2013.0304247713896,,,,2013-01-12,2013,1,12,2013-01-12
2013.103638,19.91679,716.733887,2.8553579382901013,2013-02-07,2013,2,8,2013-02-07
2013.178589,17.463163,421.627075,2.624928491544029,2013-03-07,2013,3,7,2013-03-07
2013.253418,18.13969,395.697296,2.5973630825220515,2013-04-03,2013,4,3,2013-04-03
2013.328247,19.367685,928.025879,2.9675600871565653,2013-04-30,2013,5,1,2013-04-30
2013.4038032792607,,,,2013-05-28,2013,5,28,2013-05-28
2013.477417,19.769659,1976.833252,3.295970037654371,2013-06-24,2013,6,24,2013-06-24
2013.55188,18.249899,318.212677,2.5027174771379674,2013-07-21,2013,7,21,2013-07-21
2013.626465,18.931761,2145.680176,3.3315649887624765,2013-08-17,2013,8,18,2013-08-17
2013.70105,17.549631,793.511475,2.899553211485506,2013-09-13,2013,9,14,2013-09-13
2013.775757,19.719074,655.178711,2.8163597772666544,2013-10-11,2013,10,11,2013-10-11
2013.850464,19.676901,2348.25293,3.3707448728938654,2013-11-07,2013,11,7,2013-11-07
2013.925293,17.690752,803.729431,2.9051098716336736,2013-12-04,2013,12,5,2013-12-04
2014.000122,18.690224,760.704895,2.8812162108713584,2014-01-01,2014,1,1,2014-01-01
2014.075073,18.390352,474.591278,2.6763197525259095,2014-01-28,2014,1,28,2014-01-28
2014.150024,19.398674,1125.536987,3.051359771203324,2014-02-24,2014,2,24,2014-02-24
2014.224854,15.795692,869.949829,2.939494207082139,2014-03-24,2014,3,24,2014-03-24
2014.299683,18.056959,908.742859,2.958441011147336,2014-04-20,2014,4,20,2014-04-20
2014.374268,16.939196,662.845581,2.8214123653117777,2014-05-17,2014,5,17,2014-05-17
2014.448853,14.830681,192.606033,2.2846698864103963,2014-06-13,2014,6,13,2014-06-13
2014.523438,14.777545,308.897491,2.4898143807867843,2014-07-11,2014,7,11,2014-07-11
2014.5979,19.383123,618.332642,2.7912221736641465,2014-08-07,2014,8,7,2014-08-07
2014.672485,19.694921,1889.46582,3.276339040037286,2014-09-03,2014,9,3,2014-09-03
2014.747192,20.440599,208.970673,2.320085341383998,2014-09-30,2014,10,1,2014-09-30
2014.821899,21.567114,1243.103516,3.094507294816806,2014-10-27,2014,10,28,2014-10-27
2014.896729,18.081175,199.888321,2.300787420063953,2014-11-24,2014,11,24,2014-11-24
2014.971558,18.37546,407.363007,2.6099815877833787,2014-12-21,2014,12,21,2014-12-21
2015.046387,16.93395,830.902527,2.9195500797781957,2015-01-17,2015,1,18,2015-01-17
2015.121338,15.985243,1060.847046,3.0256527713973664,2015-02-14,2015,2,14,2015-02-14
2015.196289,14.01297,1008.149536,3.003524954572826,2015-03-13,2015,3,13,2015-03-13
2015.271118,12.928018,379.433624,2.5791358138236533,2015-04-09,2015,4,9,2015-04-09
2015.345825,13.087429,246.198273,2.3912850021728733,2015-05-07,2015,5,7,2015-05-07
2015.42041,17.380543,2253.174561,3.3527948392792317,2015-06-03,2015,6,3,2015-06-03
2015.494995,16.058949,1361.837524,3.1341252965346587,2015-06-30,2015,6,30,2015-06-30
2015.569458,14.39103,305.334686,2.4847761429253756,2015-07-27,2015,7,27,2015-07-27
2015.644043,14.262264,601.871338,2.779503662074041,2015-08-24,2015,8,24,2015-08-24
2015.718628,14.493025,677.145874,2.8306822365565454,2015-09-20,2015,9,20,2015-09-20
2015.793335,17.306993,890.152832,2.9494645778763577,2015-10-17,2015,10,17,2015-10-17
2015.868164,16.819719,841.242554,2.924921233224873,2015-11-13,2015,11,13,2015-11-13
2015.942993,18.058346,3870.97168,3.5878199940353803,2015-12-11,2015,12,11,2015-12-11
2016.017822,17.479214,1126.743408,3.0518250259153255,2016-01-07,2016,1,7,2016-01-07
2016.091309,16.834934,454.107941,2.657159096488781,2016-02-03,2016,2,3,2016-02-03
2016.166138,14.748417,688.275757,2.837762472755032,2016-03-01,2016,3,2,2016-03-01
2016.240967,16.009203,1370.985107,3.137032737077733,2016-03-29,2016,3,29,2016-03-29
2016.315674,14.299997,160.99913,2.206823529216818,2016-04-25,2016,4,25,2016-04-25
2016.390259,13.836471,139.979553,2.1460646023368235,2016-05-22,2016,5,23,2016-05-22
2016.464844,11.881418,134.498718,2.1287181447980608,2016-06-19,2016,6,19,2016-06-19
2016.539307,10.615865,213.172943,2.3287320809760397,2016-07-16,2016,7,16,2016-07-16
2016.61377,11.632367,111.048904,2.045514276625141,2016-08-12,2016,8,13,2016-08-12
2016.688354,11.86525,74.775757,1.8737608183500782,2016-09-08,2016,9,9,2016-09-08
2016.762939,11.95187,126.479507,2.1020201641063405,2016-10-06,2016,10,6,2016-10-06
2016.837646,12.749323,159.813187,2.2036126123061495,2016-11-02,2016,11,3,2016-11-02
2016.912354,12.488094,428.346619,2.631795343303077,2016-11-29,2016,11,30,2016-11-29
2016.987183,11.226393,72.53315,1.8605365385938561,2016-12-27,2016,12,27,2016-12-27
2017.062012,11.678046,73.350121,1.8654008346017823,2017-01-23,2017,1,23,2017-01-23
2017.136841,9.381207,77.899651,1.891535511984327,2017-02-19,2017,2,20,2017-02-19
2017.21167,8.56158,67.633942,1.8301647007323902,2017-03-19,2017,3,19,2017-03-19
2017.286499,9.430581,69.99424,1.8450623023122317,2017-04-15,2017,4,15,2017-04-15
2017.361084,10.942949,76.003815,1.8808353921737586,2017-05-12,2017,5,12,2017-05-12
2017.435669,10.757766,77.566917,1.8896765301769927,2017-06-09,2017,6,9,2017-06-09
2017.510132,11.186209,90.363647,1.9559937503582547,2017-07-06,2017,7,6,2017-07-06
2017.584595,9.370269,83.349617,1.920903608541124,2017-08-02,2017,8,2,2017-08-02
2017.65918,6.629186,55.605465,1.7451174768825597,2017-08-29,2017,8,30,2017-08-29
2017.733765,11.467475,80.278702,1.9046003419071926,2017-09-25,2017,9,26,2017-09-25
2017.808472,11.339262,70.062866,1.8454878986472047,2017-10-23,2017,10,23,2017-10-23
2017.883179,10.815055,66.322906,1.8216635469770006,2017-11-19,2017,11,19,2017-11-19
2017.957886,10.994791,51.887009,1.7150586367339709,2017-12-16,2017,12,17,2017-12-16
2018.032715,10.87613,44.214401,1.6455637457334469,2018-01-12,2018,1,13,2018-01-12
2018.107544,10.787686,44.401707,1.6473996666558406,2018-02-09,2018,2,9,2018-02-09
2018.182495,11.127258,38.412281,1.5844700972276584,2018-03-08,2018,3,8,2018-03-08
2018.257202,6.48442,22.575647,1.353640205696653,2018-04-04,2018,4,5,2018-04-04
2018.331909,6.340904,29.496717,1.4697736814653948,2018-05-02,2018,5,2,2018-05-02
2018.406494,6.268983,22.179115,1.3459442127651413,2018-05-29,2018,5,29,2018-05-29
2018.480957,4.496279,20.666382,1.3152644526811412,2018-06-25,2018,6,25,2018-06-25
2018.55542,7.7657,44.034302,1.6437911166108596,2018-07-22,2018,7,23,2018-07-22
2018.630005,6.356173,44.298832,1.6463922755990954,2018-08-18,2018,8,19,2018-08-18
2018.70459,5.886355,43.529739,1.6387860631785425,2018-09-15,2018,9,15,2018-09-15
2018.779175,7.289144,42.858902,1.6320410406803936,2018-10-12,2018,10,12,2018-10-12
2018.853882,7.155839,43.2113,1.6355973321370512,2018-11-08,2018,11,9,2018-11-08
2018.928711,5.963278,30.623013,1.4860479187234026,2018-12-05,2018,12,6,2018-12-05
2019.003418,6.503234,29.15329,1.4646875727560793,2019-01-02,2019,1,2,2019-01-02
2019.078247,6.183265,26.731846,1.4270289505235223,2019-01-29,2019,1,29,2019-01-29
2019.153198,4.851565,18.819189,1.2746009038726462,2019-02-25,2019,2,26,2019-02-25
2019.228027,5.946372,28.043835,1.4478374032123407,2019-03-25,2019,3,25,2019-03-25
2019.302734,6.036707,36.600792,1.5634904831405356,2019-04-21,2019,4,21,2019-04-21
2019.377319,7.013547,48.377033,1.6846392292337788,2019-05-18,2019,5,18,2019-05-18
2019.451904,5.305933,38.474644,1.585174610061649,2019-06-14,2019,6,15,2019-06-14
2019.526367,5.062724,35.512505,1.5503813078776942,2019-07-12,2019,7,12,2019-07-12
2019.60083,4.536792,30.224831,1.4803638812127884,2019-08-08,2019,8,8,2019-08-08
2019.675293,4.954277,28.303556,1.4518410028090623,2019-09-04,2019,9,4,2019-09-04
2019.75,4.487505,25.260464,1.40244132368522,2019-10-01,2019,10,2,2019-10-01
2019.824707,4.89323,24.218082,1.3841397453388227,2019-10-29,2019,10,29,2019-10-29
2019.899414,4.246342,23.059832,1.3628561389630716,2019-11-25,2019,11,25,2019-11-25
2019.974243,5.353776,18.432549,1.2655853970794806,2019-12-22,2019,12,22,2019-12-22
2020.049072,3.428774,11.556097,1.0628111785847538,2020-01-18,2020,1,19,2020-01-18
2020.123901,3.657709,10.833638,1.0347743197845936,2020-02-15,2020,2,15,2020-02-15
2020.19873,2.546789,10.992606,1.0411006621464745,2020-03-13,2020,3,13,2020-03-13
2020.273438,2.706351,11.26269,1.0516421305358912,2020-04-10,2020,4,10,2020-04-10
2020.348145,1.841347,7.089793,0.8506335553142194,2020-05-07,2020,5,7,2020-05-07
2020.422729,5.226094,18.167728,1.2593006191760472,2020-06-03,2020,6,3,2020-06-03
2020.497192,3.271472,12.851512,1.1089542260818654,2020-06-30,2020,7,1,2020-06-30
2020.571655,4.620906,22.74243,1.356836866649358,2020-07-28,2020,7,28,2020-07-28
2020.646118,4.270471,17.267029,1.23721761840682,2020-08-24,2020,8,24,2020-08-24
2020.720825,4.37659,20.423969,1.3101401426139008,2020-09-20,2020,9,21,2020-09-20
2020.79541,5.582335,21.2841,1.3280552907218715,2020-10-18,2020,10,18,2020-10-18
2020.870117,7.495562,30.681854,1.486881599007118,2020-11-14,2020,11,14,2020-11-14
2020.944946,12.278638,154.885483,2.190010714412249,2020-12-11,2020,12,12,2020-12-11
2021.019775,7.05414,85.896988,1.9339779354504092,2021-01-08,2021,1,8,2021-01-08
2021.094604,7.840087,73.069359,1.8637352975192427,2021-02-04,2021,2,4,2021-02-04
2021.169434,7.907391,40.772854,1.610371112067074,2021-03-03,2021,3,4,2021-03-03
2021.244263,9.388997,38.958321,1.5906002316730112,2021-03-31,2021,3,31,2021-03-31
2021.31897,8.22983,26.167362,1.4177599424874068,2021-04-27,2021,4,27,2021-04-27
2021.393555,6.81547,30.794901,1.4884788122508283,2021-05-24,2021,5,24,2021-05-24
2021.468018,10.691276,77.057228,1.8868133819679627,2021-06-20,2021,6,21,2021-06-20
2021.54248,6.885457,40.909775,1.6118270909252341,2021-07-18,2021,7,18,2021-07-18
2021.617065,6.308741,40.183819,1.6040512089630035,2021-08-14,2021,8,14,2021-08-14
2021.691528,11.149814,65.837128,1.8184708774752212,2021-09-10,2021,9,10,2021-09-10
2021.766235,8.118653,44.692944,1.6502389633165069,2021-10-07,2021,10,8,2021-10-07
2021.840942,9.635313,43.781136,1.6412870261248032,2021-11-03,2021,11,4,2021-11-03
2021.915649,13.361438,58.372536,1.7662085616822891,2021-12-01,2021,12,1,2021-12-01
2021.990479,13.691081,80.063675,1.9034355207627252,2021-12-28,2021,12,28,2021-12-28
2022.065308,15.485814,125.913376,2.100071868427341,2022-01-24,2022,1,25,2022-01-24
2022.140137,14.926923,155.163116,2.1907884925574166,2022-02-21,2022,2,21,2022-02-21
2022.214966,15.028467,2146.650391,3.331761319879737,2022-03-20,2022,3,20,2022-03-20
2022.289795,21.638395,639.182678,2.8056249969834224,2022-04-16,2022,4,16,2022-04-16
2022.36438,20.662584,398.42868,2.6003505925966337,2022-05-13,2022,5,14,2022-05-13
